SYMANDT,AGR_NAME,AGR_TIME_B,SYUNAME1,MENU_DATE1,MENU_TIME1,RSTIMESTMP1,SYUNAME2,MENU_DATE2,MENU_TIME2,RSTIMESTMP2,MENU_ATTR
300,FUCN_CASHIER,GENERATE,SAP,11/28/2013,06:21:20,0,SAP,02/17/2015,13:13:04,0,
300,SAP_BCA_ACCOUNTS_ADMIN,GENERATE,SAP,02-08-2013,13:36:38,0,SAP,02-08-2013,13:36:38,0,
300,SAP_EPM_PLANT_MANAGER,GENERATE,SAP,04/26/2004,11:41:31,0,SAP,01-01-1900,00:00:00,0,
300,SAP_FI_TV_ADMINISTRATOR,GENERATE,SAP,03-09-2005,09:08:13,0,SAP,11/25/2013,15:51:07,0,
300,SAP_FI_TV_ADMINISTRATOR_2,GENERATE,SAP,11/25/2013,15:51:07,0,SAP,11/25/2013,15:51:07,0,
300,SAP_FI_TV_ADVANCE_PAYER,GENERATE,SAP,11/25/2013,15:51:07,0,SAP,11/25/2013,15:51:07,0,
300,SAP_FI_TV_ADVANCE_PAYER_2,GENERATE,SAP,11/25/2013,15:51:07,0,SAP,11/25/2013,15:51:07,0,
300,SAP_FI_TV_MANAGER_GENERIC,GENERATE,SAP,03-09-2005,09:13:33,0,SAP,11/25/2013,15:51:08,0,
300,SAP_FI_TV_MANAGER_GENERIC_2,GENERATE,SAP,11/25/2013,15:51:08,0,SAP,11/25/2013,15:51:08,0,
300,SAP_FI_TV_TIC_AGENT_2,GENERATE,SAP,11/25/2013,15:51:09,0,SAP,11/25/2013,15:51:09,0,
300,SAP_FI_TV_TRAVELER,GENERATE,SAP,03-09-2005,09:20:28,0,SAP,11/25/2013,15:51:09,0,
300,SAP_FI_TV_TRAVELER_2,GENERATE,SAP,11/25/2013,15:51:10,0,SAP,11/25/2013,15:51:10,0,
300,SAP_FI_TV_TRAVEL_ASSISTANT,GENERATE,SAP,03-09-2005,09:15:38,0,SAP,01-01-1900,00:00:00,0,
300,SAP_FI_TV_TRAVEL_MANAGER,GENERATE,SAP,03-09-2005,09:18:47,0,SAP,11/25/2013,15:51:10,0,
300,SAP_FMCA_BP_EXT,GENERATE,SAP,04/17/2001,13:30:49,0,SAP,01/15/2003,15:12:39,0,
300,SAP_FMCA_CA_ALL,GENERATE,SAP,01/22/2002,14:15:35,0,SAP,01/29/2003,14:48:08,0,
300,SAP_FMCA_CA_ALL_EHP3,GENERATE,SAP,10-12-2007,08:39:56,0,SAP,10-12-2007,08:43:43,0,
300,SAP_FSCM_IHC_SUPERVISOR,GENERATE,SAP,03-09-2004,16:49:09,0,SAP,01-01-1900,00:00:00,0,
300,SAP_GTCN_TAX_REFUND_ACCOUNTANT,GENERATE,SAP,12/17/2012,11:08:36,0,SAP,02-03-2015,07:48:08,0,
300,SAP_ICL_CLAIM_VIEWER,GENERATE,SAP,09/23/2010,20:16:32,0,SAP,09/29/2010,17:13:17,0,
300,SAP_IFW_ADMINISTRATOR,GENERATE,SAP,08/18/2010,08:15:37,0,SAP,08/18/2010,10:18:11,0,
300,SAP_IFW_COMMERCIAL_CONTROLLER,GENERATE,SAP,08/17/2010,15:36:42,0,SAP,08/17/2010,15:36:42,0,
300,SAP_IFW_INVOICE_CLERK_MM,GENERATE,SAP,08/17/2010,15:34:23,0,SAP,08/17/2010,15:34:23,0,
300,SAP_IFW_INVOICE_CLERK_SD,GENERATE,SAP,08/17/2010,09:01:09,0,SAP,08/17/2010,12:28:31,0,
300,SAP_MDGM_DISP_06,GENERATE,SAP,04-01-2015,08:35:53,0,SAP,05-07-2015,07:38:36,0,
300,SAP_MDGM_REQ_06,GENERATE,SAP,04-01-2015,08:37:19,0,SAP,05-07-2015,07:38:37,0,
300,SAP_MDGM_SPEC_06,GENERATE,SAP,04-01-2015,08:37:51,0,SAP,05-07-2015,07:38:38,0,
300,SAP_MDGM_STEW_06,GENERATE,SAP,04-01-2015,08:38:07,0,SAP,05-07-2015,07:38:39,0,
300,SAP_MMKT_PI_PRODUCTION_SPVR,GENERATE,SAP,11/17/2009,16:05:33,0,SAP,03/25/2010,05:29:32,0,
300,SAP_MMKT_PI_SHFLR_OPR,GENERATE,SAP,10/28/2009,07:29:41,0,SAP,02-05-2010,12:15:06,0,
300,SAP_MM_IV_CLERK_AUTO,GENERATE,SAP,03/24/2014,08:19:30,0,SAP,07/20/2015,16:10:46,0,
300,Z_DCC_COMMON,GENERATE,BASIS,04/21/2020,02:34:59,0,BASIS,04/21/2020,02:34:59,0,USCMP_AIMP
300,SAP_RE_COUNTRY_IT,GENERATE,SAP,08-08-2005,12:42:15,0,SAP,01-01-1900,00:00:00,0,
300,SAP_TRM_DEALER,GENERATE,SAP,03-03-2005,11:06:43,0,SAP,01-01-1900,00:00:00,0,
300,SAP_TRM_LIMIT_MANAGER,GENERATE,SAP,03-03-2005,11:25:21,0,SAP,11/25/2010,05:52:48,0,
300,Z_BR_AA_ACCOUNTANT,GENERATE,BASIS,04-09-2020,05:27:08,0,BASIS,04-09-2020,05:27:08,0,USCMP_AIMP
300,Z_BR_AA_ACCOUNTANT_IT,GENERATE,BASIS,04-09-2020,05:27:12,0,BASIS,04-09-2020,05:27:12,0,USCMP_AIMP
300,Z_BR_AA_ACCOUNTANT_JP,GENERATE,BASIS,04-09-2020,05:27:13,0,BASIS,04-09-2020,05:27:13,0,USCMP_AIMP
300,Z_BR_AA_ACCOUNTANT_KR,GENERATE,BASIS,04-09-2020,05:27:14,0,BASIS,04-09-2020,05:27:14,0,USCMP_AIMP
300,Z_BR_AA_ACCOUNTANT_KZ,GENERATE,BASIS,04-09-2020,05:27:15,0,BASIS,04-09-2020,05:27:15,0,USCMP_AIMP
300,Z_BR_AA_ACCOUNTANT_PL,GENERATE,BASIS,04-09-2020,05:27:16,0,BASIS,04-09-2020,05:27:16,0,USCMP_AIMP
300,Z_BR_AA_ACCOUNTANT_PT,GENERATE,BASIS,04-09-2020,05:27:17,0,BASIS,04-09-2020,05:27:17,0,USCMP_AIMP
300,Z_BR_AA_ACCOUNTANT_RO,GENERATE,BASIS,04-09-2020,05:27:18,0,BASIS,04-09-2020,05:27:18,0,USCMP_AIMP
300,Z_BR_AA_ACCOUNTANT_RU,GENERATE,BASIS,04-09-2020,05:27:21,0,BASIS,04-09-2020,05:27:21,0,USCMP_AIMP
300,Z_BR_AA_ACCOUNTANT_UA,GENERATE,BASIS,04-09-2020,05:27:22,0,BASIS,04-09-2020,05:27:22,0,USCMP_AIMP
300,Z_BR_AA_ACCOUNTANT_US,GENERATE,BASIS,04-09-2020,05:27:23,0,BASIS,04-09-2020,05:27:23,0,USCMP_AIMP
300,Z_BR_ACS_AUDITOR_GR,GENERATE,BASIS,04-09-2020,05:27:26,0,BASIS,04-09-2020,05:27:26,0,USCMP_AIMP
300,Z_BR_ADMINISTRATOR_LCM,GENERATE,BASIS,04-09-2020,05:27:34,0,BASIS,04-09-2020,05:27:34,0,USCMP_AIMP
300,Z_BR_ADMINISTRATOR_RCP_DEV,GENERATE,BASIS,04-09-2020,05:27:45,0,BASIS,04-09-2020,05:27:45,0,USCMP_AIMP
300,Z_BR_ADMINISTRATOR_RFM,GENERATE,BASIS,04-09-2020,05:27:46,0,BASIS,04-09-2020,05:27:46,0,USCMP_AIMP
300,Z_BR_ADMIN_APR_FICA,GENERATE,BASIS,04-09-2020,05:27:59,0,BASIS,04-09-2020,05:27:59,0,USCMP_AIMP
300,Z_BR_ADMIN_JVA,GENERATE,BASIS,04-09-2020,05:28:01,0,BASIS,04-09-2020,05:28:01,0,USCMP_AIMP
300,Z_BR_ALLOCATOR_RETAIL,GENERATE,BASIS,04-09-2020,05:28:05,0,BASIS,04-09-2020,05:28:05,0,USCMP_AIMP
300,Z_BR_APR_ACCOUNTANT_FICA,GENERATE,BASIS,04-09-2020,05:28:23,0,BASIS,04-09-2020,05:28:23,0,USCMP_AIMP
300,Z_BR_APR_MANAGER_FICA,GENERATE,BASIS,04-09-2020,05:28:26,0,BASIS,04-09-2020,05:28:26,0,USCMP_AIMP
300,Z_BR_AP_ACCOUNTANT,GENERATE,BASIS,04-09-2020,05:28:38,0,BASIS,04-09-2020,05:28:38,0,USCMP_AIMP
300,Z_BR_AP_ACCOUNTANT_AE,GENERATE,BASIS,04-09-2020,05:28:39,0,BASIS,04-09-2020,05:28:39,0,USCMP_AIMP
300,Z_BR_AP_ACCOUNTANT_CN,GENERATE,BASIS,04-09-2020,05:28:43,0,BASIS,04-09-2020,05:28:43,0,USCMP_AIMP
300,Z_BR_AP_ACCOUNTANT_EG,GENERATE,BASIS,04-09-2020,05:28:44,0,BASIS,04-09-2020,05:28:44,0,USCMP_AIMP
300,Z_BR_AP_ACCOUNTANT_ES,GENERATE,BASIS,04-09-2020,05:28:45,0,BASIS,04-09-2020,05:28:45,0,USCMP_AIMP
300,Z_BR_AP_ACCOUNTANT_FR,GENERATE,BASIS,04-09-2020,05:28:45,0,BASIS,04-09-2020,05:28:45,0,USCMP_AIMP
300,Z_BR_AP_ACCOUNTANT_GB,GENERATE,BASIS,04-09-2020,05:28:46,0,BASIS,04-09-2020,05:28:46,0,USCMP_AIMP
300,Z_BR_AP_ACCOUNTANT_GR,GENERATE,BASIS,04-09-2020,05:28:47,0,BASIS,04-09-2020,05:28:47,0,USCMP_AIMP
300,Z_BR_AP_ACCOUNTANT_IE,GENERATE,BASIS,04-09-2020,05:28:48,0,BASIS,04-09-2020,05:28:48,0,USCMP_AIMP
300,Z_BR_AP_ACCOUNTANT_JP,GENERATE,BASIS,04-09-2020,05:28:50,0,BASIS,04-09-2020,05:28:50,0,USCMP_AIMP
300,Z_BR_AP_ACCOUNTANT_KR,GENERATE,BASIS,04-09-2020,05:28:50,0,BASIS,04-09-2020,05:28:50,0,USCMP_AIMP
300,Z_BR_AP_ACCOUNTANT_KW,GENERATE,BASIS,04-09-2020,05:28:51,0,BASIS,04-09-2020,05:28:51,0,USCMP_AIMP
300,Z_BR_AP_ACCOUNTANT_KZ,GENERATE,BASIS,04-09-2020,05:28:52,0,BASIS,04-09-2020,05:28:52,0,USCMP_AIMP
300,Z_BR_AP_ACCOUNTANT_NO,GENERATE,BASIS,04-09-2020,05:28:54,0,BASIS,04-09-2020,05:28:54,0,USCMP_AIMP
300,Z_BR_AP_ACCOUNTANT_OM,GENERATE,BASIS,04-09-2020,05:28:54,0,BASIS,04-09-2020,05:28:54,0,USCMP_AIMP
300,Z_BR_AP_ACCOUNTANT_PL,GENERATE,BASIS,04-09-2020,05:28:56,0,BASIS,04-09-2020,05:28:56,0,USCMP_AIMP
300,Z_BR_AP_ACCOUNTANT_PROCMT_CN,GENERATE,BASIS,04-09-2020,05:28:56,0,BASIS,04-09-2020,05:28:56,0,USCMP_AIMP
300,Z_BR_AP_ACCOUNTANT_PROCMT_NL,GENERATE,BASIS,04-09-2020,05:28:57,0,BASIS,04-09-2020,05:28:57,0,USCMP_AIMP
300,Z_BR_AP_ACCOUNTANT_PROCUREMT,GENERATE,BASIS,04-09-2020,05:29:05,0,BASIS,04-09-2020,05:29:05,0,USCMP_AIMP
300,Z_BR_AP_ACCOUNTANT_QA,GENERATE,BASIS,04-09-2020,05:29:06,0,BASIS,04-09-2020,05:29:06,0,USCMP_AIMP
300,Z_BR_AP_ACCOUNTANT_RO,GENERATE,BASIS,04-09-2020,05:29:06,0,BASIS,04-09-2020,05:29:06,0,USCMP_AIMP
300,Z_BR_AP_ACCOUNTANT_RU,GENERATE,BASIS,04-09-2020,05:29:10,0,BASIS,04-09-2020,05:29:10,0,USCMP_AIMP
300,Z_BR_AP_ACCOUNTANT_SA,GENERATE,BASIS,04-09-2020,05:29:10,0,BASIS,04-09-2020,05:29:10,0,USCMP_AIMP
300,Z_BR_AP_ACCOUNTANT_SI,GENERATE,BASIS,04-09-2020,05:29:11,0,BASIS,04-09-2020,05:29:11,0,USCMP_AIMP
300,Z_BR_AP_ACCOUNTANT_UA,GENERATE,BASIS,04-09-2020,05:29:13,0,BASIS,04-09-2020,05:29:13,0,USCMP_AIMP
300,Z_BR_AP_MANAGER,GENERATE,BASIS,04-09-2020,05:29:18,0,BASIS,04-09-2020,05:29:18,0,USCMP_AIMP
300,Z_BR_AP_MANAGER_AU,GENERATE,BASIS,04-09-2020,05:29:19,0,BASIS,04-09-2020,05:29:19,0,USCMP_AIMP
300,Z_BR_AP_MANAGER_BE,GENERATE,BASIS,04-09-2020,05:29:21,0,BASIS,04-09-2020,05:29:21,0,USCMP_AIMP
300,Z_BR_AP_MANAGER_BZ,GENERATE,BASIS,04-09-2020,05:29:22,0,BASIS,04-09-2020,05:29:22,0,USCMP_AIMP
300,Z_BR_AP_MANAGER_ES,GENERATE,BASIS,04-09-2020,05:29:23,0,BASIS,04-09-2020,05:29:23,0,USCMP_AIMP
300,Z_BR_AP_MANAGER_FR,GENERATE,BASIS,04-09-2020,05:29:25,0,BASIS,04-09-2020,05:29:25,0,USCMP_AIMP
300,Z_BR_AP_MANAGER_GB,GENERATE,BASIS,04-09-2020,05:29:27,0,BASIS,04-09-2020,05:29:27,0,USCMP_AIMP
300,Z_BR_AP_MANAGER_ID,GENERATE,BASIS,04-09-2020,05:29:28,0,BASIS,04-09-2020,05:29:28,0,USCMP_AIMP
300,Z_BR_AP_MANAGER_IE,GENERATE,BASIS,04-09-2020,05:29:30,0,BASIS,04-09-2020,05:29:30,0,USCMP_AIMP
300,Z_BR_AP_MANAGER_IT,GENERATE,BASIS,04-09-2020,05:29:31,0,BASIS,04-09-2020,05:29:31,0,USCMP_AIMP
300,Z_BR_AP_MANAGER_JP,GENERATE,BASIS,04-09-2020,05:29:32,0,BASIS,04-09-2020,05:29:32,0,USCMP_AIMP
300,Z_BR_AP_MANAGER_KR,GENERATE,BASIS,04-09-2020,05:29:34,0,BASIS,04-09-2020,05:29:34,0,USCMP_AIMP
300,Z_BR_AP_MANAGER_MX,GENERATE,BASIS,04-09-2020,05:29:35,0,BASIS,04-09-2020,05:29:35,0,USCMP_AIMP
300,Z_BR_AP_MANAGER_MY,GENERATE,BASIS,04-09-2020,05:29:36,0,BASIS,04-09-2020,05:29:36,0,USCMP_AIMP
300,Z_BR_AP_MANAGER_PH,GENERATE,BASIS,04-09-2020,05:29:38,0,BASIS,04-09-2020,05:29:38,0,USCMP_AIMP
300,Z_BR_AP_MANAGER_PT,GENERATE,BASIS,04-09-2020,05:29:39,0,BASIS,04-09-2020,05:29:39,0,USCMP_AIMP
300,Z_BR_AP_MANAGER_SA,GENERATE,BASIS,04-09-2020,05:29:40,0,BASIS,04-09-2020,05:29:40,0,USCMP_AIMP
300,Z_BR_AP_MANAGER_SG,GENERATE,BASIS,04-09-2020,05:29:41,0,BASIS,04-09-2020,05:29:41,0,USCMP_AIMP
300,Z_BR_AP_MANAGER_TH,GENERATE,BASIS,04-09-2020,05:29:43,0,BASIS,04-09-2020,05:29:43,0,USCMP_AIMP
300,Z_BR_AP_MANAGER_US,GENERATE,BASIS,04-09-2020,05:29:45,0,BASIS,04-09-2020,05:29:45,0,USCMP_AIMP
300,Z_BR_AP_MANAGER_VE,GENERATE,BASIS,04-09-2020,05:29:46,0,BASIS,04-09-2020,05:29:46,0,USCMP_AIMP
300,Z_BR_AP_MANAGER_ZA,GENERATE,BASIS,04-09-2020,05:29:47,0,BASIS,04-09-2020,05:29:47,0,USCMP_AIMP
300,Z_BR_AP_OPER_IN,GENERATE,BASIS,04-09-2020,05:29:47,0,BASIS,04-09-2020,05:29:47,0,USCMP_AIMP
300,Z_BR_AP_PER_ACT_ES,GENERATE,BASIS,04-09-2020,05:29:48,0,BASIS,04-09-2020,05:29:48,0,USCMP_AIMP
300,Z_BR_AR_ACCOUNTANT,GENERATE,BASIS,04-09-2020,05:30:05,0,BASIS,04-09-2020,05:30:05,0,USCMP_AIMP
300,Z_BR_AR_ACCOUNTANT_AE,GENERATE,BASIS,04-09-2020,05:30:07,0,BASIS,04-09-2020,05:30:07,0,USCMP_AIMP
300,Z_BR_AR_ACCOUNTANT_CN,GENERATE,BASIS,04-09-2020,05:30:09,0,BASIS,04-09-2020,05:30:09,0,USCMP_AIMP
300,Z_BR_AR_ACCOUNTANT_EG,GENERATE,BASIS,04-09-2020,05:30:11,0,BASIS,04-09-2020,05:30:11,0,USCMP_AIMP
300,Z_BR_AR_ACCOUNTANT_ES,GENERATE,BASIS,04-09-2020,05:30:13,0,BASIS,04-09-2020,05:30:13,0,USCMP_AIMP
300,Z_BR_AR_ACCOUNTANT_FR,GENERATE,BASIS,04-09-2020,05:30:15,0,BASIS,04-09-2020,05:30:15,0,USCMP_AIMP
300,Z_BR_AR_ACCOUNTANT_GR,GENERATE,BASIS,04-09-2020,05:30:16,0,BASIS,04-09-2020,05:30:16,0,USCMP_AIMP
300,Z_BR_AR_ACCOUNTANT_HR,GENERATE,BASIS,04-09-2020,05:30:16,0,BASIS,04-09-2020,05:30:16,0,USCMP_AIMP
300,Z_BR_AR_ACCOUNTANT_ID,GENERATE,BASIS,04-09-2020,05:30:19,0,BASIS,04-09-2020,05:30:19,0,USCMP_AIMP
300,Z_BR_AR_ACCOUNTANT_IL,GENERATE,BASIS,04-09-2020,05:30:20,0,BASIS,04-09-2020,05:30:20,0,USCMP_AIMP
300,Z_BR_AR_ACCOUNTANT_IN,GENERATE,BASIS,04-09-2020,05:30:21,0,BASIS,04-09-2020,05:30:21,0,USCMP_AIMP
300,Z_BR_AR_ACCOUNTANT_IT,GENERATE,BASIS,04-09-2020,05:30:23,0,BASIS,04-09-2020,05:30:23,0,USCMP_AIMP
300,Z_BR_AR_ACCOUNTANT_JP,GENERATE,BASIS,04-09-2020,05:30:25,0,BASIS,04-09-2020,05:30:25,0,USCMP_AIMP
300,Z_BR_AR_ACCOUNTANT_KR,GENERATE,BASIS,04-09-2020,05:30:25,0,BASIS,04-09-2020,05:30:25,0,USCMP_AIMP
300,Z_BR_AR_ACCOUNTANT_KZ,GENERATE,BASIS,04-09-2020,05:30:26,0,BASIS,04-09-2020,05:30:26,0,USCMP_AIMP
300,Z_BR_AR_ACCOUNTANT_NO,GENERATE,BASIS,04-09-2020,05:30:27,0,BASIS,04-09-2020,05:30:27,0,USCMP_AIMP
300,Z_BR_AR_ACCOUNTANT_PH,GENERATE,BASIS,04-09-2020,05:30:29,0,BASIS,04-09-2020,05:30:29,0,USCMP_AIMP
300,Z_BR_AR_ACCOUNTANT_PL,GENERATE,BASIS,04-09-2020,05:30:30,0,BASIS,04-09-2020,05:30:30,0,USCMP_AIMP
300,Z_BR_AR_ACCOUNTANT_QA,GENERATE,BASIS,04-09-2020,05:30:31,0,BASIS,04-09-2020,05:30:31,0,USCMP_AIMP
300,Z_BR_AR_ACCOUNTANT_RU,GENERATE,BASIS,04-09-2020,05:30:33,0,BASIS,04-09-2020,05:30:33,0,USCMP_AIMP
300,Z_BR_AR_ACCOUNTANT_SA,GENERATE,BASIS,04-09-2020,05:30:34,0,BASIS,04-09-2020,05:30:34,0,USCMP_AIMP
300,Z_BR_AR_ACCOUNTANT_TH,GENERATE,BASIS,04-09-2020,05:30:37,0,BASIS,04-09-2020,05:30:37,0,USCMP_AIMP
300,Z_BR_AR_ACCOUNTANT_TR,GENERATE,BASIS,04-09-2020,05:30:39,0,BASIS,04-09-2020,05:30:39,0,USCMP_AIMP
300,Z_BR_AR_ACCOUNTANT_UA,GENERATE,BASIS,04-09-2020,05:30:40,0,BASIS,04-09-2020,05:30:40,0,USCMP_AIMP
300,Z_BR_AR_MANAGER,GENERATE,BASIS,04-09-2020,05:30:46,0,BASIS,04-09-2020,05:30:46,0,USCMP_AIMP
300,Z_BR_AR_MANAGER_TH,GENERATE,BASIS,04-09-2020,05:30:47,0,BASIS,04-09-2020,05:30:47,0,USCMP_AIMP
300,Z_BR_ASSORT_SPECIALIST_RFM,GENERATE,BASIS,04-09-2020,05:30:49,0,BASIS,04-09-2020,05:30:49,0,USCMP_AIMP
300,Z_BR_BATCH_MASTER_SPCLST,GENERATE,BASIS,04-09-2020,05:30:56,0,BASIS,04-09-2020,05:30:56,0,USCMP_AIMP
300,Z_BR_BILLING_CLERK,GENERATE,BASIS,04-09-2020,05:31:13,0,BASIS,04-09-2020,05:31:13,0,USCMP_AIMP
300,Z_BR_BILLING_CLERK_CL,GENERATE,BASIS,04-09-2020,05:31:13,0,BASIS,04-09-2020,05:31:13,0,USCMP_AIMP
300,Z_BR_BILLING_CLERK_CO,GENERATE,BASIS,04-09-2020,05:31:14,0,BASIS,04-09-2020,05:31:14,0,USCMP_AIMP
300,Z_BR_BILLING_CLERK_CZ,GENERATE,BASIS,04-09-2020,05:31:14,0,BASIS,04-09-2020,05:31:14,0,USCMP_AIMP
300,Z_BR_BILLING_CLERK_GR,GENERATE,BASIS,04-09-2020,05:31:15,0,BASIS,04-09-2020,05:31:15,0,USCMP_AIMP
300,Z_BR_BILLING_CLERK_HU,GENERATE,BASIS,04-09-2020,05:31:16,0,BASIS,04-09-2020,05:31:16,0,USCMP_AIMP
300,Z_BR_BILLING_CLERK_IN,GENERATE,BASIS,04-09-2020,05:31:18,0,BASIS,04-09-2020,05:31:18,0,USCMP_AIMP
300,Z_BR_BILLING_CLERK_IT,GENERATE,BASIS,04-09-2020,05:31:18,0,BASIS,04-09-2020,05:31:18,0,USCMP_AIMP
300,Z_BR_BILLING_CLERK_PE,GENERATE,BASIS,04-09-2020,05:31:19,0,BASIS,04-09-2020,05:31:19,0,USCMP_AIMP
300,Z_BR_BILLING_CLERK_PH,GENERATE,BASIS,04-09-2020,05:31:19,0,BASIS,04-09-2020,05:31:19,0,USCMP_AIMP
300,Z_BR_BOM_ENGINEER,GENERATE,BASIS,04-09-2020,05:31:29,0,BASIS,04-09-2020,05:31:29,0,USCMP_AIMP
300,Z_BR_BPC_EXPERT,GENERATE,BASIS,04-09-2020,05:31:36,0,BASIS,04-09-2020,05:31:36,0,USCMP_AIMP
300,Z_BR_BPC_EXPERT_MDG,GENERATE,BASIS,04-09-2020,05:31:38,0,BASIS,04-09-2020,05:31:38,0,USCMP_AIMP
300,Z_BR_BUDGET_RESPONSIBLE,GENERATE,BASIS,04-09-2020,05:31:44,0,BASIS,04-09-2020,05:31:44,0,USCMP_AIMP
300,Z_BR_BUDGET_SPECIALIST,GENERATE,BASIS,04-09-2020,05:31:48,0,BASIS,04-09-2020,05:31:48,0,USCMP_AIMP
300,Z_BR_BUPA_MASTER_SPECIALIST,GENERATE,BASIS,04-09-2020,05:31:54,0,BASIS,04-09-2020,05:31:54,0,USCMP_AIMP
300,Z_BR_BUYER,GENERATE,BASIS,04-09-2020,05:32:06,0,BASIS,04-09-2020,05:32:06,0,USCMP_AIMP
300,Z_BR_CALIBRATION_TECHNICIAN,GENERATE,BASIS,04-09-2020,05:32:08,0,BASIS,04-09-2020,05:32:08,0,USCMP_AIMP
300,Z_BR_CASH_MANAGER,GENERATE,BASIS,04-09-2020,05:32:21,0,BASIS,04-09-2020,05:32:21,0,USCMP_AIMP
300,Z_BR_CASH_MANAGER_CN,GENERATE,BASIS,04-09-2020,05:32:25,0,BASIS,04-09-2020,05:32:25,0,USCMP_AIMP
300,Z_BR_CASH_SPECIALIST,GENERATE,BASIS,04-09-2020,05:32:33,0,BASIS,04-09-2020,05:32:33,0,USCMP_AIMP
300,Z_BR_CASH_SPECIALIST_CN,GENERATE,BASIS,04-09-2020,05:32:36,0,BASIS,04-09-2020,05:32:36,0,USCMP_AIMP
300,Z_BR_CASH_SPECIALIST_GB,GENERATE,BASIS,04-09-2020,05:32:37,0,BASIS,04-09-2020,05:32:37,0,USCMP_AIMP
300,Z_BR_CASH_SPECIALIST_GR,GENERATE,BASIS,04-09-2020,05:32:38,0,BASIS,04-09-2020,05:32:38,0,USCMP_AIMP
300,Z_BR_CASH_SPECIALIST_HU,GENERATE,BASIS,04-09-2020,05:32:39,0,BASIS,04-09-2020,05:32:39,0,USCMP_AIMP
300,Z_BR_CASH_SPECIALIST_PL,GENERATE,BASIS,04-09-2020,05:32:40,0,BASIS,04-09-2020,05:32:40,0,USCMP_AIMP
300,Z_BR_CASH_SPECIALIST_RO,GENERATE,BASIS,04-09-2020,05:32:41,0,BASIS,04-09-2020,05:32:41,0,USCMP_AIMP
300,Z_BR_CASH_SPECIALIST_US,GENERATE,BASIS,04-09-2020,05:32:42,0,BASIS,04-09-2020,05:32:42,0,USCMP_AIMP
300,Z_BR_CAT_MAN_RFM,GENERATE,BASIS,04-09-2020,05:32:44,0,BASIS,04-09-2020,05:32:44,0,USCMP_AIMP
300,Z_BR_CENTRAL_PURCHASER,GENERATE,BASIS,04-09-2020,05:32:48,0,BASIS,04-09-2020,05:32:48,0,USCMP_AIMP
300,Z_BR_CHG_MGMT_COORDINATOR,GENERATE,BASIS,04-09-2020,05:32:52,0,BASIS,04-09-2020,05:32:52,0,USCMP_AIMP
300,Z_BR_CMMFDOF_TRADER,GENERATE,BASIS,04-09-2020,05:32:56,0,BASIS,04-09-2020,05:32:56,0,USCMP_AIMP
300,Z_BR_CMMFSA_MD_MANAGER,GENERATE,BASIS,04-09-2020,05:32:57,0,BASIS,04-09-2020,05:32:57,0,USCMP_AIMP
300,Z_BR_COLL_SPECIALIST_FICA,GENERATE,BASIS,04-09-2020,05:33:00,0,BASIS,04-09-2020,05:33:00,0,USCMP_AIMP
300,Z_BR_COMPL_ENG_FOOD_BEV,GENERATE,BASIS,04-09-2020,05:33:02,0,BASIS,04-09-2020,05:33:02,0,USCMP_AIMP
300,Z_BR_CONF_EXPERT_BUS_NET_INT,GENERATE,BASIS,04-09-2020,05:33:05,0,BASIS,04-09-2020,05:33:05,0,USCMP_AIMP
300,Z_BR_CONTRACT_MANAGER_CCM,GENERATE,BASIS,04-09-2020,05:33:11,0,BASIS,04-09-2020,05:33:11,0,USCMP_AIMP
300,Z_BR_CREDIT_CONTROLLER,GENERATE,BASIS,04-09-2020,05:33:17,0,BASIS,04-09-2020,05:33:17,0,USCMP_AIMP
300,Z_BR_CSR_TRM,GENERATE,BASIS,04-09-2020,05:33:20,0,BASIS,04-09-2020,05:33:20,0,USCMP_AIMP
300,Z_BR_CUSTOMER_SALES_MGR,GENERATE,BASIS,04-09-2020,05:33:34,0,BASIS,04-09-2020,05:33:34,0,USCMP_AIMP
300,Z_BR_CUSTOMER_SERVICE_MGR,GENERATE,BASIS,04-09-2020,05:33:47,0,BASIS,04-09-2020,05:33:47,0,USCMP_AIMP
300,Z_BR_DEMAND_PLANNER_RFM,GENERATE,BASIS,04-09-2020,05:33:50,0,BASIS,04-09-2020,05:33:50,0,USCMP_AIMP
300,Z_BR_DEPOSITS_EMPLOYEE,GENERATE,BASIS,04-09-2020,05:33:51,0,BASIS,04-09-2020,05:33:51,0,USCMP_AIMP
300,Z_BR_DEPOSITS_SPECIALIST,GENERATE,BASIS,04-09-2020,05:33:52,0,BASIS,04-09-2020,05:33:52,0,USCMP_AIMP
300,Z_BR_DESIGN_ENGINEER,GENERATE,BASIS,04-09-2020,05:33:55,0,BASIS,04-09-2020,05:33:55,0,USCMP_AIMP
300,Z_BR_DEVELOPMENT_MANAGER_DIN,GENERATE,BASIS,04-09-2020,05:33:58,0,BASIS,04-09-2020,05:33:58,0,USCMP_AIMP
300,Z_BR_DG_SAFETY_ADVISOR,GENERATE,BASIS,04-09-2020,05:34:00,0,BASIS,04-09-2020,05:34:00,0,USCMP_AIMP
300,Z_BR_DIVISION_ACCOUNTANT,GENERATE,BASIS,04-09-2020,05:34:06,0,BASIS,04-09-2020,05:34:06,0,USCMP_AIMP
300,Z_BR_EMPLOYEE_LEGAL_CONTENT,GENERATE,BASIS,04-09-2020,05:34:09,0,BASIS,04-09-2020,05:34:09,0,USCMP_AIMP
300,Z_BR_EMPLOYEE_PROCUREMENT,GENERATE,BASIS,04-09-2020,05:34:15,0,BASIS,04-09-2020,05:34:15,0,USCMP_AIMP
300,Z_BR_EMPLOYEE_TRV,GENERATE,BASIS,04-09-2020,05:34:16,0,BASIS,04-09-2020,05:34:16,0,USCMP_AIMP
300,Z_BR_EXTERNAL_AUDITOR,GENERATE,BASIS,04-09-2020,05:34:22,0,BASIS,04-09-2020,05:34:22,0,USCMP_AIMP
300,Z_BR_EXT_AUDITOR_APR_FICA,GENERATE,BASIS,04-09-2020,05:34:30,0,BASIS,04-09-2020,05:34:30,0,USCMP_AIMP
300,Z_BR_FRGHT_SETTLEMENT_CLERK,GENERATE,BASIS,04-09-2020,05:34:38,0,BASIS,04-09-2020,05:34:38,0,USCMP_AIMP
300,Z_BR_GL_ACCOUNTANT,GENERATE,BASIS,04-09-2020,05:34:59,0,BASIS,04-09-2020,05:34:59,0,USCMP_AIMP
300,Z_BR_GL_ACCOUNTANT_AE,GENERATE,BASIS,04-09-2020,05:35:00,0,BASIS,04-09-2020,05:35:00,0,USCMP_AIMP
300,Z_BR_GL_ACCOUNTANT_AR,GENERATE,BASIS,04-09-2020,05:35:01,0,BASIS,04-09-2020,05:35:01,0,USCMP_AIMP
300,Z_BR_GL_ACCOUNTANT_AT,GENERATE,BASIS,04-09-2020,05:35:03,0,BASIS,04-09-2020,05:35:03,0,USCMP_AIMP
300,Z_BR_GL_ACCOUNTANT_AU,GENERATE,BASIS,04-09-2020,05:35:04,0,BASIS,04-09-2020,05:35:04,0,USCMP_AIMP
300,Z_BR_GL_ACCOUNTANT_BE,GENERATE,BASIS,04-09-2020,05:35:06,0,BASIS,04-09-2020,05:35:06,0,USCMP_AIMP
300,Z_BR_GL_ACCOUNTANT_BG,GENERATE,BASIS,04-09-2020,05:35:06,0,BASIS,04-09-2020,05:35:06,0,USCMP_AIMP
300,Z_BR_GL_ACCOUNTANT_BR,GENERATE,BASIS,04-09-2020,05:35:08,0,BASIS,04-09-2020,05:35:08,0,USCMP_AIMP
300,Z_BR_GL_ACCOUNTANT_CA,GENERATE,BASIS,04-09-2020,05:35:09,0,BASIS,04-09-2020,05:35:09,0,USCMP_AIMP
300,Z_BR_GL_ACCOUNTANT_CH,GENERATE,BASIS,04-09-2020,05:35:10,0,BASIS,04-09-2020,05:35:10,0,USCMP_AIMP
300,Z_BR_GL_ACCOUNTANT_CN,GENERATE,BASIS,04-09-2020,05:35:13,0,BASIS,04-09-2020,05:35:13,0,USCMP_AIMP
300,Z_BR_GL_ACCOUNTANT_CO,GENERATE,BASIS,04-09-2020,05:35:14,0,BASIS,04-09-2020,05:35:14,0,USCMP_AIMP
300,Z_BR_GL_ACCOUNTANT_DE,GENERATE,BASIS,04-09-2020,05:35:16,0,BASIS,04-09-2020,05:35:16,0,USCMP_AIMP
300,Z_BR_GL_ACCOUNTANT_DK,GENERATE,BASIS,04-09-2020,05:35:17,0,BASIS,04-09-2020,05:35:17,0,USCMP_AIMP
300,Z_BR_GL_ACCOUNTANT_EE,GENERATE,BASIS,04-09-2020,05:35:18,0,BASIS,04-09-2020,05:35:18,0,USCMP_AIMP
300,Z_BR_GL_ACCOUNTANT_EG,GENERATE,BASIS,04-09-2020,05:35:20,0,BASIS,04-09-2020,05:35:20,0,USCMP_AIMP
300,Z_BR_GL_ACCOUNTANT_ES,GENERATE,BASIS,04-09-2020,05:35:21,0,BASIS,04-09-2020,05:35:21,0,USCMP_AIMP
300,Z_BR_GL_ACCOUNTANT_FI,GENERATE,BASIS,04-09-2020,05:35:23,0,BASIS,04-09-2020,05:35:23,0,USCMP_AIMP
300,Z_BR_GL_ACCOUNTANT_FR,GENERATE,BASIS,04-09-2020,05:35:25,0,BASIS,04-09-2020,05:35:25,0,USCMP_AIMP
300,Z_BR_GL_ACCOUNTANT_GB,GENERATE,BASIS,04-09-2020,05:35:26,0,BASIS,04-09-2020,05:35:26,0,USCMP_AIMP
300,Z_BR_GL_ACCOUNTANT_GR,GENERATE,BASIS,04-09-2020,05:35:27,0,BASIS,04-09-2020,05:35:27,0,USCMP_AIMP
300,Z_BR_GL_ACCOUNTANT_HR,GENERATE,BASIS,04-09-2020,05:35:30,0,BASIS,04-09-2020,05:35:30,0,USCMP_AIMP
300,Z_BR_GL_ACCOUNTANT_HU,GENERATE,BASIS,04-09-2020,05:35:32,0,BASIS,04-09-2020,05:35:32,0,USCMP_AIMP
300,Z_BR_GL_ACCOUNTANT_ID,GENERATE,BASIS,04-09-2020,05:35:34,0,BASIS,04-09-2020,05:35:34,0,USCMP_AIMP
300,Z_BR_GL_ACCOUNTANT_IE,GENERATE,BASIS,04-09-2020,05:35:35,0,BASIS,04-09-2020,05:35:35,0,USCMP_AIMP
300,Z_BR_GL_ACCOUNTANT_IL,GENERATE,BASIS,04-09-2020,05:35:37,0,BASIS,04-09-2020,05:35:37,0,USCMP_AIMP
300,Z_BR_GL_ACCOUNTANT_IN,GENERATE,BASIS,04-09-2020,05:35:39,0,BASIS,04-09-2020,05:35:39,0,USCMP_AIMP
300,Z_BR_GL_ACCOUNTANT_IT,GENERATE,BASIS,04-09-2020,05:35:40,0,BASIS,04-09-2020,05:35:40,0,USCMP_AIMP
300,Z_BR_GL_ACCOUNTANT_JP,GENERATE,BASIS,04-09-2020,05:35:42,0,BASIS,04-09-2020,05:35:42,0,USCMP_AIMP
300,Z_BR_GL_ACCOUNTANT_KR,GENERATE,BASIS,04-09-2020,05:35:44,0,BASIS,04-09-2020,05:35:44,0,USCMP_AIMP
300,Z_BR_GL_ACCOUNTANT_KW,GENERATE,BASIS,04-09-2020,05:35:44,0,BASIS,04-09-2020,05:35:44,0,USCMP_AIMP
300,Z_BR_GL_ACCOUNTANT_KZ,GENERATE,BASIS,04-09-2020,05:35:45,0,BASIS,04-09-2020,05:35:45,0,USCMP_AIMP
300,Z_BR_GL_ACCOUNTANT_LT,GENERATE,BASIS,04-09-2020,05:35:46,0,BASIS,04-09-2020,05:35:46,0,USCMP_AIMP
300,Z_BR_GL_ACCOUNTANT_LU,GENERATE,BASIS,04-09-2020,05:35:48,0,BASIS,04-09-2020,05:35:48,0,USCMP_AIMP
300,Z_BR_GL_ACCOUNTANT_MX,GENERATE,BASIS,04-09-2020,05:35:49,0,BASIS,04-09-2020,05:35:49,0,USCMP_AIMP
300,Z_BR_GL_ACCOUNTANT_MY,GENERATE,BASIS,04-09-2020,05:35:51,0,BASIS,04-09-2020,05:35:51,0,USCMP_AIMP
300,Z_BR_GL_ACCOUNTANT_NL,GENERATE,BASIS,04-09-2020,05:35:52,0,BASIS,04-09-2020,05:35:52,0,USCMP_AIMP
300,Z_BR_GL_ACCOUNTANT_NO,GENERATE,BASIS,04-09-2020,05:35:53,0,BASIS,04-09-2020,05:35:53,0,USCMP_AIMP
300,Z_BR_GL_ACCOUNTANT_PH,GENERATE,BASIS,04-09-2020,05:35:55,0,BASIS,04-09-2020,05:35:55,0,USCMP_AIMP
300,Z_BR_GL_ACCOUNTANT_PL,GENERATE,BASIS,04-09-2020,05:35:56,0,BASIS,04-09-2020,05:35:56,0,USCMP_AIMP
300,Z_BR_GL_ACCOUNTANT_PT,GENERATE,BASIS,04-09-2020,05:35:57,0,BASIS,04-09-2020,05:35:57,0,USCMP_AIMP
300,Z_BR_GL_ACCOUNTANT_QA,GENERATE,BASIS,04-09-2020,05:35:58,0,BASIS,04-09-2020,05:35:58,0,USCMP_AIMP
300,Z_BR_GL_ACCOUNTANT_RO,GENERATE,BASIS,04-09-2020,05:36:00,0,BASIS,04-09-2020,05:36:00,0,USCMP_AIMP
300,Z_BR_GL_ACCOUNTANT_RU,GENERATE,BASIS,04-09-2020,05:36:05,0,BASIS,04-09-2020,05:36:05,0,USCMP_AIMP
300,Z_BR_GL_ACCOUNTANT_SA,GENERATE,BASIS,04-09-2020,05:36:06,0,BASIS,04-09-2020,05:36:06,0,USCMP_AIMP
300,Z_BR_GL_ACCOUNTANT_SE,GENERATE,BASIS,04-09-2020,05:36:08,0,BASIS,04-09-2020,05:36:08,0,USCMP_AIMP
300,Z_BR_GL_ACCOUNTANT_SG,GENERATE,BASIS,04-09-2020,05:36:09,0,BASIS,04-09-2020,05:36:09,0,USCMP_AIMP
300,Z_BR_GL_ACCOUNTANT_SI,GENERATE,BASIS,04-09-2020,05:36:09,0,BASIS,04-09-2020,05:36:09,0,USCMP_AIMP
300,Z_BR_GL_ACCOUNTANT_SK,GENERATE,BASIS,04-09-2020,05:36:10,0,BASIS,04-09-2020,05:36:10,0,USCMP_AIMP
300,Z_BR_GL_ACCOUNTANT_TH,GENERATE,BASIS,04-09-2020,05:36:12,0,BASIS,04-09-2020,05:36:12,0,USCMP_AIMP
300,Z_BR_GL_ACCOUNTANT_TR,GENERATE,BASIS,04-09-2020,05:36:13,0,BASIS,04-09-2020,05:36:13,0,USCMP_AIMP
300,Z_BR_GL_ACCOUNTANT_TW,GENERATE,BASIS,04-09-2020,05:36:15,0,BASIS,04-09-2020,05:36:15,0,USCMP_AIMP
300,Z_BR_GL_ACCOUNTANT_UA,GENERATE,BASIS,04-09-2020,05:36:20,0,BASIS,04-09-2020,05:36:20,0,USCMP_AIMP
300,Z_BR_GL_ACCOUNTANT_US,GENERATE,BASIS,04-09-2020,05:36:20,0,BASIS,04-09-2020,05:36:20,0,USCMP_AIMP
300,Z_BR_GL_ACCOUNTANT_VE,GENERATE,BASIS,04-09-2020,05:36:21,0,BASIS,04-09-2020,05:36:21,0,USCMP_AIMP
300,Z_BR_GL_ACCOUNTANT_ZA,GENERATE,BASIS,04-09-2020,05:36:22,0,BASIS,04-09-2020,05:36:22,0,USCMP_AIMP
300,Z_BR_GRANT_SPECIALIST,GENERATE,BASIS,04-09-2020,05:36:27,0,BASIS,04-09-2020,05:36:27,0,USCMP_AIMP
300,Z_BR_INS_CLAIMS_HANDLER,GENERATE,BASIS,04-09-2020,05:36:40,0,BASIS,04-09-2020,05:36:40,0,USCMP_AIMP
300,Z_BR_INTERNAL_SALES_REP,GENERATE,BASIS,04-09-2020,05:37:01,0,BASIS,04-09-2020,05:37:01,0,USCMP_AIMP
300,Z_BR_INTRASTAT_SPECIALIST,GENERATE,BASIS,04-09-2020,05:37:03,0,BASIS,04-09-2020,05:37:03,0,USCMP_AIMP
300,Z_BR_INTRNAL_SALESREP_SOM,GENERATE,BASIS,04-09-2020,05:37:05,0,BASIS,04-09-2020,05:37:05,0,USCMP_AIMP
300,Z_BR_INVENTORY_ACCOUNTANT,GENERATE,BASIS,04-09-2020,05:37:26,0,BASIS,04-09-2020,05:37:26,0,USCMP_AIMP
300,Z_BR_INVENTORY_ACCOUNTANT_GR,GENERATE,BASIS,04-09-2020,05:37:27,0,BASIS,04-09-2020,05:37:27,0,USCMP_AIMP
300,Z_BR_INVENTORY_ACCOUNTANT_RU,GENERATE,BASIS,04-09-2020,05:37:28,0,BASIS,04-09-2020,05:37:28,0,USCMP_AIMP
300,Z_BR_INVENTORY_MANAGER,GENERATE,BASIS,04-09-2020,05:37:38,0,BASIS,04-09-2020,05:37:38,0,USCMP_AIMP
300,Z_BR_INVESTIGATOR,GENERATE,BASIS,04-09-2020,05:37:42,0,BASIS,04-09-2020,05:37:42,0,USCMP_AIMP
300,Z_BR_INVOICING_MANAGER_CINV,GENERATE,BASIS,04-09-2020,05:37:42,0,BASIS,04-09-2020,05:37:42,0,USCMP_AIMP
300,Z_BR_JVA_ACCOUNTANT,GENERATE,BASIS,04-09-2020,05:37:46,0,BASIS,04-09-2020,05:37:46,0,USCMP_AIMP
300,Z_BR_LEGAL_COUNSEL,GENERATE,BASIS,04-09-2020,05:37:47,0,BASIS,04-09-2020,05:37:47,0,USCMP_AIMP
300,Z_BR_LOAN_CREDIT_ANALYST,GENERATE,BASIS,04-09-2020,05:37:48,0,BASIS,04-09-2020,05:37:48,0,USCMP_AIMP
300,Z_BR_LOAN_DEPT_MANAGER,GENERATE,BASIS,04-09-2020,05:37:48,0,BASIS,04-09-2020,05:37:48,0,USCMP_AIMP
300,Z_BR_LOAN_LOAN_OFFICER,GENERATE,BASIS,04-09-2020,05:37:49,0,BASIS,04-09-2020,05:37:49,0,USCMP_AIMP
300,Z_BR_LOAN_STAFF_ACCOUNT,GENERATE,BASIS,04-09-2020,05:37:49,0,BASIS,04-09-2020,05:37:49,0,USCMP_AIMP
300,Z_BR_MAINTENANCE_PLANNER,GENERATE,BASIS,04-09-2020,05:38:04,0,BASIS,04-09-2020,05:38:04,0,USCMP_AIMP
300,Z_BR_MAINTENANCE_PLANNER_RSH,GENERATE,BASIS,04-09-2020,05:38:05,0,BASIS,04-09-2020,05:38:05,0,USCMP_AIMP
300,Z_BR_MAINTENANCE_TECHNICIAN,GENERATE,BASIS,04-09-2020,05:38:16,0,BASIS,04-09-2020,05:38:16,0,USCMP_AIMP
300,Z_BR_MANAGER_PROCUREMENT,GENERATE,BASIS,04-09-2020,05:38:19,0,BASIS,04-09-2020,05:38:19,0,USCMP_AIMP
300,Z_BR_MASTER_DATA_ACM,GENERATE,BASIS,04-09-2020,05:38:23,0,BASIS,04-09-2020,05:38:23,0,USCMP_AIMP
300,Z_BR_MASTER_SPECIALIST_FIN,GENERATE,BASIS,04-09-2020,05:38:25,0,BASIS,04-09-2020,05:38:25,0,USCMP_AIMP
300,Z_BR_MATL_PLNR_EXT_PROC,GENERATE,BASIS,04-09-2020,05:38:34,0,BASIS,04-09-2020,05:38:34,0,USCMP_AIMP
300,Z_BR_MD_SPECIALIST_ITEM_RFM,GENERATE,BASIS,04-09-2020,05:38:42,0,BASIS,04-09-2020,05:38:42,0,USCMP_AIMP
300,Z_BR_MD_SPECIALIST_PCL,GENERATE,BASIS,04-09-2020,05:38:45,0,BASIS,04-09-2020,05:38:45,0,USCMP_AIMP
300,Z_BR_MD_SPECIALIST_RAW_SUBST,GENERATE,BASIS,04-09-2020,05:38:48,0,BASIS,04-09-2020,05:38:48,0,USCMP_AIMP
300,Z_BR_METERDATA_SPEC_ISU,GENERATE,BASIS,04-09-2020,05:38:52,0,BASIS,04-09-2020,05:38:52,0,USCMP_AIMP
300,Z_BR_ORDER_FULFILLMNT_MNGR_R,GENERATE,BASIS,04-09-2020,05:39:00,0,BASIS,04-09-2020,05:39:00,0,USCMP_AIMP
300,Z_BR_ORDER_FULFILLMNT_SPCLST,GENERATE,BASIS,04-09-2020,05:39:02,0,BASIS,04-09-2020,05:39:02,0,USCMP_AIMP
300,Z_BR_ORG_PLANNER,GENERATE,BASIS,04-09-2020,05:39:05,0,BASIS,04-09-2020,05:39:05,0,USCMP_AIMP
300,Z_BR_OVERHEAD_ACCOUNTANT,GENERATE,BASIS,04-09-2020,05:39:25,0,BASIS,04-09-2020,05:39:25,0,USCMP_AIMP
300,Z_BR_PAYM_SPECIALIST,GENERATE,BASIS,04-09-2020,05:39:26,0,BASIS,04-09-2020,05:39:26,0,USCMP_AIMP
300,Z_BR_PRICING_SPECIALIST,GENERATE,BASIS,04-09-2020,05:39:30,0,BASIS,04-09-2020,05:39:30,0,USCMP_AIMP
300,Z_BR_PRICING_SPECIALIST_RFM,GENERATE,BASIS,04-09-2020,05:39:31,0,BASIS,04-09-2020,05:39:31,0,USCMP_AIMP
300,Z_BR_PRJTEAMMEMBER_COMMPRJ,GENERATE,BASIS,04-09-2020,05:39:32,0,BASIS,04-09-2020,05:39:32,0,USCMP_AIMP
300,Z_BR_PRODMASTER_SPECIALIST,GENERATE,BASIS,04-09-2020,05:39:37,0,BASIS,04-09-2020,05:39:37,0,USCMP_AIMP
300,Z_BR_PRODMASTER_STEWARD,GENERATE,BASIS,04-09-2020,05:39:39,0,BASIS,04-09-2020,05:39:39,0,USCMP_AIMP
300,Z_BR_PRODN_ACCOUNTANT,GENERATE,BASIS,04-09-2020,05:39:45,0,BASIS,04-09-2020,05:39:45,0,USCMP_AIMP
300,Z_BR_PRODN_ENG_DISC,GENERATE,BASIS,04-09-2020,05:39:50,0,BASIS,04-09-2020,05:39:50,0,USCMP_AIMP
300,Z_BR_PRODN_ENG_DISC_CAM,GENERATE,BASIS,04-09-2020,05:39:55,0,BASIS,04-09-2020,05:39:55,0,USCMP_AIMP
300,Z_BR_PRODN_ENG_DISC_EME,GENERATE,BASIS,04-09-2020,05:39:59,0,BASIS,04-09-2020,05:39:59,0,USCMP_AIMP
300,Z_BR_PRODN_ENG_PROC,GENERATE,BASIS,04-09-2020,05:40:05,0,BASIS,04-09-2020,05:40:05,0,USCMP_AIMP
300,Z_BR_PRODN_OPTR_DISC,GENERATE,BASIS,04-09-2020,05:40:09,0,BASIS,04-09-2020,05:40:09,0,USCMP_AIMP
300,Z_BR_PRODN_OPTR_DISC_EPO,GENERATE,BASIS,04-09-2020,05:40:11,0,BASIS,04-09-2020,05:40:11,0,USCMP_AIMP
300,Z_BR_PRODN_OPTR_LEAN_MFG,GENERATE,BASIS,04-09-2020,05:40:15,0,BASIS,04-09-2020,05:40:15,0,USCMP_AIMP
300,Z_BR_PRODN_OPTR_PROC,GENERATE,BASIS,04-09-2020,05:40:19,0,BASIS,04-09-2020,05:40:19,0,USCMP_AIMP
300,Z_BR_PRODN_OPTR_RPTV,GENERATE,BASIS,04-09-2020,05:40:21,0,BASIS,04-09-2020,05:40:21,0,USCMP_AIMP
300,Z_BR_PRODN_PLNR,GENERATE,BASIS,04-09-2020,05:40:30,0,BASIS,04-09-2020,05:40:30,0,USCMP_AIMP
300,Z_BR_PRODN_SUPERVISOR_DISC,GENERATE,BASIS,04-09-2020,05:40:39,0,BASIS,04-09-2020,05:40:39,0,USCMP_AIMP
300,Z_BR_PRODN_SUPERVISOR_PROC,GENERATE,BASIS,04-09-2020,05:40:43,0,BASIS,04-09-2020,05:40:43,0,USCMP_AIMP
300,Z_BR_PRODN_SUPERVISOR_RFM,GENERATE,BASIS,04-09-2020,05:40:45,0,BASIS,04-09-2020,05:40:45,0,USCMP_AIMP
300,Z_BR_PRODN_SUPERVISOR_RPTV,GENERATE,BASIS,04-09-2020,05:40:47,0,BASIS,04-09-2020,05:40:47,0,USCMP_AIMP
300,Z_BR_PRODSTWRD_SPLST_PCL,GENERATE,BASIS,04-09-2020,05:40:55,0,BASIS,04-09-2020,05:40:55,0,USCMP_AIMP
300,Z_BR_PRODUCT_CONFIG_MODELER,GENERATE,BASIS,04-09-2020,05:40:57,0,BASIS,04-09-2020,05:40:57,0,USCMP_AIMP
300,Z_BR_PROD_CONF_MODELR_SOM,GENERATE,BASIS,04-09-2020,05:41:01,0,BASIS,04-09-2020,05:41:01,0,USCMP_AIMP
300,Z_BR_PROD_STWRDSHP_SPECLST,GENERATE,BASIS,04-09-2020,05:41:05,0,BASIS,04-09-2020,05:41:05,0,USCMP_AIMP
300,Z_BR_PROJECTMGR_COMMPRJ,GENERATE,BASIS,04-09-2020,05:41:13,0,BASIS,04-09-2020,05:41:13,0,USCMP_AIMP
300,Z_BR_PROJ_FIN_CONTROLLER,GENERATE,BASIS,04-09-2020,05:41:19,0,BASIS,04-09-2020,05:41:19,0,USCMP_AIMP
300,Z_BR_PROMOTION_SPEC_RFM,GENERATE,BASIS,04-09-2020,05:41:23,0,BASIS,04-09-2020,05:41:23,0,USCMP_AIMP
300,Z_BR_PURCHASER,GENERATE,BASIS,04-09-2020,05:41:33,0,BASIS,04-09-2020,05:41:33,0,USCMP_AIMP
300,Z_BR_PURCHASER_IN,GENERATE,BASIS,04-09-2020,05:41:35,0,BASIS,04-09-2020,05:41:35,0,USCMP_AIMP
300,Z_BR_PURCHASER_RFM,GENERATE,BASIS,04-09-2020,05:41:38,0,BASIS,04-09-2020,05:41:38,0,USCMP_AIMP
300,Z_BR_PURCHASING_MANAGER,GENERATE,BASIS,04-09-2020,05:41:41,0,BASIS,04-09-2020,05:41:41,0,USCMP_AIMP
300,Z_BR_PURCHASING_MANAGER_EMPT,GENERATE,BASIS,04-09-2020,05:41:41,0,BASIS,04-09-2020,05:41:41,0,USCMP_AIMP
300,Z_BR_QUALITY_ENGINEER,GENERATE,BASIS,04-09-2020,05:42:00,0,BASIS,04-09-2020,05:42:00,0,USCMP_AIMP
300,Z_BR_QUALITY_MANAGER,GENERATE,BASIS,04-09-2020,05:42:07,0,BASIS,04-09-2020,05:42:07,0,USCMP_AIMP
300,Z_BR_QUALITY_PLANNER,GENERATE,BASIS,04-09-2020,05:42:15,0,BASIS,04-09-2020,05:42:15,0,USCMP_AIMP
300,Z_BR_QUALITY_TECHNICIAN,GENERATE,BASIS,04-09-2020,05:42:24,0,BASIS,04-09-2020,05:42:24,0,USCMP_AIMP
300,Z_BR_RECEIVING_SPECIALIST,GENERATE,BASIS,04-09-2020,05:42:30,0,BASIS,04-09-2020,05:42:30,0,USCMP_AIMP
300,Z_BR_RECIPE_DEVELOPER,GENERATE,BASIS,04-09-2020,05:42:33,0,BASIS,04-09-2020,05:42:33,0,USCMP_AIMP
300,Z_BR_RECM_ADMINISTRATOR,GENERATE,BASIS,04-09-2020,05:42:34,0,BASIS,04-09-2020,05:42:34,0,USCMP_AIMP
300,Z_BR_RECM_AP_ACCOUNTANT,GENERATE,BASIS,04-09-2020,05:42:35,0,BASIS,04-09-2020,05:42:35,0,USCMP_AIMP
300,Z_BR_RECM_AR_ACCOUNTANT,GENERATE,BASIS,04-09-2020,05:42:36,0,BASIS,04-09-2020,05:42:36,0,USCMP_AIMP
300,Z_BR_RECM_SPECIALIST,GENERATE,BASIS,04-09-2020,05:42:37,0,BASIS,04-09-2020,05:42:37,0,USCMP_AIMP
300,Z_BR_RECM_VALSPECIALIST,GENERATE,BASIS,04-09-2020,05:42:38,0,BASIS,04-09-2020,05:42:38,0,USCMP_AIMP
300,Z_BR_RECONC_SPEC_APR_FICA,GENERATE,BASIS,04-09-2020,05:42:44,0,BASIS,04-09-2020,05:42:44,0,USCMP_AIMP
300,Z_BR_RECON_ACCOUNTANT,GENERATE,BASIS,04-09-2020,05:42:46,0,BASIS,04-09-2020,05:42:46,0,USCMP_AIMP
300,Z_BR_RETAIL_STORE_ASSOCIATE,GENERATE,BASIS,04-09-2020,05:42:50,0,BASIS,04-09-2020,05:42:50,0,USCMP_AIMP
300,Z_BR_RETAIL_STORE_MANAGER,GENERATE,BASIS,04-09-2020,05:42:53,0,BASIS,04-09-2020,05:42:53,0,USCMP_AIMP
300,Z_BR_RETURNS_REFUND_CLERK,GENERATE,BASIS,04-09-2020,05:42:59,0,BASIS,04-09-2020,05:42:59,0,USCMP_AIMP
300,Z_BR_REV_ACCOUNTANT,GENERATE,BASIS,04-09-2020,05:43:01,0,BASIS,04-09-2020,05:43:01,0,USCMP_AIMP
300,Z_BR_REV_ADMIN,GENERATE,BASIS,04-09-2020,05:43:04,0,BASIS,04-09-2020,05:43:04,0,USCMP_AIMP
300,Z_BR_SALES_ACCOUNTANT,GENERATE,BASIS,04-09-2020,05:43:21,0,BASIS,04-09-2020,05:43:21,0,USCMP_AIMP
300,Z_BR_SALES_MANAGER,GENERATE,BASIS,04-09-2020,05:43:28,0,BASIS,04-09-2020,05:43:28,0,USCMP_AIMP
300,Z_BR_SALES_PROCESS_MANAGER,GENERATE,BASIS,04-09-2020,05:43:31,0,BASIS,04-09-2020,05:43:31,0,USCMP_AIMP
300,Z_BR_SERV_REP_T,GENERATE,BASIS,04-09-2020,05:43:40,0,BASIS,04-09-2020,05:43:40,0,USCMP_AIMP
300,Z_BR_SET_CLERK,GENERATE,BASIS,04-09-2020,05:43:46,0,BASIS,04-09-2020,05:43:46,0,USCMP_AIMP
300,Z_BR_SHIPPING_SPECIALIST,GENERATE,BASIS,04-09-2020,05:43:51,0,BASIS,04-09-2020,05:43:51,0,USCMP_AIMP
300,Z_BR_SHIP_SPECIALIST_JIT,GENERATE,BASIS,04-09-2020,05:43:56,0,BASIS,04-09-2020,05:43:56,0,USCMP_AIMP
300,Z_BR_STORE_DESIGN_MGN_RFM,GENERATE,BASIS,04-09-2020,05:43:58,0,BASIS,04-09-2020,05:43:58,0,USCMP_AIMP
300,Z_BR_SYSTEMS_ENGINEER,GENERATE,BASIS,04-09-2020,05:44:01,0,BASIS,04-09-2020,05:44:01,0,USCMP_AIMP
300,Z_BR_TAX_SPECIALIST_BR,GENERATE,BASIS,04-09-2020,05:44:02,0,BASIS,04-09-2020,05:44:02,0,USCMP_AIMP
300,Z_BR_TRADER,GENERATE,BASIS,04-09-2020,05:44:05,0,BASIS,04-09-2020,05:44:05,0,USCMP_AIMP
300,Z_BR_TRADER_ACM,GENERATE,BASIS,04-09-2020,05:44:08,0,BASIS,04-09-2020,05:44:08,0,USCMP_AIMP
300,Z_BR_TRADING_MANAGER,GENERATE,BASIS,04-09-2020,05:44:09,0,BASIS,04-09-2020,05:44:09,0,USCMP_AIMP
300,Z_BR_TRANSPORTATION_MANAGER,GENERATE,BASIS,04-09-2020,05:44:18,0,BASIS,04-09-2020,05:44:18,0,USCMP_AIMP
300,Z_BR_TRD_CLS_SPECIALIST,GENERATE,BASIS,04-09-2020,05:44:26,0,BASIS,04-09-2020,05:44:26,0,USCMP_AIMP
300,Z_BR_TRD_CMPLNC_MANAGER_RU,GENERATE,BASIS,04-09-2020,05:44:27,0,BASIS,04-09-2020,05:44:27,0,USCMP_AIMP
300,Z_BR_TRD_CMPLNC_SPECIALIST,GENERATE,BASIS,04-09-2020,05:44:30,0,BASIS,04-09-2020,05:44:30,0,USCMP_AIMP
300,Z_BR_TREASURY_ACCOUNTANT,GENERATE,BASIS,04-09-2020,05:44:37,0,BASIS,04-09-2020,05:44:37,0,USCMP_AIMP
300,Z_BR_TREASURY_ACCOUNTANT_BR,GENERATE,BASIS,04-09-2020,05:44:37,0,BASIS,04-09-2020,05:44:37,0,USCMP_AIMP
300,Z_BR_TREASURY_RISK_MANAGER,GENERATE,BASIS,04-09-2020,05:44:44,0,BASIS,04-09-2020,05:44:44,0,USCMP_AIMP
300,Z_BR_TREASURY_SPECIALIST_BOE,GENERATE,BASIS,04-09-2020,05:44:53,0,BASIS,04-09-2020,05:44:53,0,USCMP_AIMP
300,Z_BR_TREASURY_SPECIALIST_FOE,GENERATE,BASIS,04-09-2020,05:44:57,0,BASIS,04-09-2020,05:44:57,0,USCMP_AIMP
300,Z_BR_TREASURY_SPECIALIST_MOE,GENERATE,BASIS,04-09-2020,05:45:00,0,BASIS,04-09-2020,05:45:00,0,USCMP_AIMP
300,Z_BR_WAREHOUSE_CLERK,GENERATE,BASIS,04-09-2020,05:45:08,0,BASIS,04-09-2020,05:45:08,0,USCMP_AIMP
300,Z_SFIN_CASH_MANAGER,GENERATE,BASIS,05-02-2020,07:05:25,0,BASIS,05-02-2020,07:05:25,0,USCMP_AIMP
300,Z_FIORI_TEST,GENERATE,BASIS,04-11-2020,08:30:13,0,BASIS,05-03-2020,05:51:16,0,USCMP_AIMP
300,Z_FIORI_FI,GENERATE,BASIS,05-01-2020,03:17:06,0,BASIS,05-03-2020,05:52:12,0,USCMP_AIMP
300,Z_FIORI_MM,GENERATE,BASIS,05-01-2020,03:20:00,0,BASIS,05-03-2020,05:56:32,0,USCMP_AIMP
300,Z_FIORI_SD,GENERATE,BASIS,05-01-2020,03:18:27,0,BASIS,05-03-2020,05:58:11,0,USCMP_AIMP
300,Z_FIORI_CHANDFORD,GENERATE,BASIS,05/22/2020,05:06:49,0,BASIS,05/22/2020,05:06:49,0,USCMP_AIMP
300,Z_FIORI_AGUHA,GENERATE,BASIS,05/20/2020,12:04:12,0,BASIS,05/22/2020,05:09:51,0,USCMP_AIMP
300,Z_FIORI_ANEFF,GENERATE,BASIS,05/21/2020,13:02:44,0,BASIS,05/22/2020,05:15:24,0,USCMP_AIMP
300,Z_FIORI_MNARGIS,GENERATE,BASIS,05/20/2020,09:32:59,0,BASIS,05/22/2020,05:17:26,0,USCMP_AIMP
300,Z_FIORI_AHASAN,GENERATE,BASIS,05/21/2020,12:07:09,0,BASIS,05/22/2020,05:19:05,0,USCMP_AIMP
300,Z_FIORI_BIYER,GENERATE,BASIS,05/22/2020,05:32:07,0,BASIS,05/22/2020,05:32:07,0,USCMP_AIMP
300,ZTEST01,GENERATE,DCCABAP,06-09-2020,07:09:20,0,DCCABAP,06-09-2020,07:09:20,0,USCMP_AIMP
300,ZTEST02,GENERATE,DCCABAP,06-09-2020,07:11:49,0,DCCABAP,06-09-2020,07:11:49,0,USCMP_AIMP
300,ZME21N,GENERATE,DCCABAP,06-12-2020,02:51:30,0,DCCABAP,06/15/2020,13:29:56,0,USCMP_AIMP
300,ZSOD_TEST02,GENERATE,DCCABAP,08-09-2020,13:13:51,0,DCCABAP,08-09-2020,13:13:51,0,USCMP_AIMP
300,ZSOD_TEST03,GENERATE,DCCABAP,08-09-2020,13:15:12,0,DCCABAP,08-09-2020,13:15:12,0,USCMP_AIMP
300,ZSOD_TEST04,GENERATE,DCCABAP,08-11-2020,06:12:36,0,DCCABAP,08-11-2020,06:12:36,0,USCMP_AIMP
300,ZSOD_TEST06,GENERATE,DCCABAP,08-11-2020,06:19:06,0,DCCABAP,08-11-2020,06:19:06,0,USCMP_AIMP
300,ZSOD_TEST08,GENERATE,DCCABAP,08-11-2020,06:25:47,0,DCCABAP,08-11-2020,06:25:47,0,USCMP_AIMP
300,ZSOD_TEST01,GENERATE,DCCABAP,08-09-2020,13:10:10,0,DCCABAP,08-11-2020,06:43:22,0,USCMP_AIMP
300,ZSOD_TEST09,GENERATE,DCCABAP,08-11-2020,07:16:04,0,DCCABAP,08-11-2020,07:17:59,0,USCMP_AIMP
300,ZSOD_TEST10,GENERATE,DCCABAP,08-11-2020,07:19:37,0,DCCABAP,08-11-2020,07:19:37,0,USCMP_AIMP
300,ZSOD_TEST11,GENERATE,DCCABAP,08-11-2020,07:24:03,0,DCCABAP,08-11-2020,07:24:03,0,USCMP_AIMP
300,ZSOD_TEST12,GENERATE,DCCABAP,08-11-2020,07:26:53,0,DCCABAP,08-11-2020,07:26:53,0,USCMP_AIMP
300,ZSOD_TEST13,GENERATE,DCCABAP,08-11-2020,07:29:30,0,DCCABAP,08-11-2020,07:29:30,0,USCMP_AIMP
