RBD_EDIT,ACTVT,/IBS/RBDID,/IBS/ORGEI,,,,,,,,RBD,SAP,,
S_GUI,ACTVT,,,,,,,,,,BC_A,SAP,,
/SAPPO/ORD,/SAPPO/CMP,/SAPPO/BPR,ACTVT,,,,,,,,PPO1,SAP,,
/SAPPO/FLT,/SAPPO/CMP,/SAPPO/FLT,ACTVT,,,,,,,,PPO1,SAP,,
A_B_ANLKL,ANLKL,BUKRS,ACTVT,,,,,,,,AM,SAP,,X
A_S_ANLKL,ANLKL,BUKRS,ACTVT,,,,,,,,AM,SAP,,X
A_S_GSBER,BUKRS,GSBER,,,,,,,,,AM,SAP,,
F_BKPF_BUK,BUKRS,ACTVT,,,,,,,,,FI,SAP,,
F_BKPF_KOA,KOART,ACTVT,,,,,,,,,FI,SAP,,
F_FAGL_LDR,BUKRS,GLRLDNR,GLRRCTY,GLRVERS,ACTVT,,,,,,FI,SAP,,
F_BKPF_BLA,BRGRU,ACTVT,,,,,,,,,FI,SAP,,
GLE_ECS,ACTVT,,,,,,,,,,FI,SAP,,
F_BAF4_MDC,/BA1/F4_MD,ACTVT,,,,,,,,,FSMD,SAP,,
F_BKPF_BES,BRGRU,ACTVT,,,,,,,,,FI,SAP,,
S_TABU_NAM,ACTVT,TABLE,,,,,,,,,BC_A,SAP,,
A_PERI_BUK,AM_ACT_PER,BUKRS,,,,,,,,,AM,SAP,,
S_PROGNAM,P_ACTION,P_PROGNAM,,,,,,,,,BC_C,SAP,,
S_PROGRAM,P_GROUP,P_ACTION,,,,,,,,,BC_C,SAP,,
J_B_TRANSB,TCD,,,,,,,,,,IS_B,SAP,,
F_T_TRANSB,TCD,,,,,,,,,,TRTM,SAP,,
T_DEAL_PD,BUKRS,GSART,SFHAART,TRFCT,ACTVT,,,,,,TRTM,SAP,,
T_POS_ASS,ACC_CODE,VAL_AREA,GSART,TRFCT,ACTVT,,,,,,TRTM,SAP,,
J_B_RMCUS1,TCD,ACTVT,,,,,,,,,IS_B,SAP,,
T_RMOB_AUG,RMAUTGR,ACTVT,,,,,,,,,TRTM,SAP,,
S_TABU_DIS,DICBERCLS,ACTVT,,,,,,,,,BC_A,SAP,,
S_ARCHIVE,APPLIC,ARCH_OBJ,ACTVT,,,,,,,,BC_A,SAP,,
F_BKKA_ACT,ACTVT,,,,,,,,,,IS_B,SAP,,
F_CLM_BAM,ACTVT,FCLM_BUKRS,FCLM_ACTY,FCLM_KOKRS,FCLM_GSBER,FCLM_SGMT,FCLM_PRCTR,,,,FSCM,SAP,,
T_RMCHAR_V,RMRPTYPE,RMFIENM,RMVALUE,,,,,,,,TRTM,SAP,,
A_A_VIEW,VIEW,,,,,,,,,,AM,SAP,,X
A_S_KOSTL,BUKRS,KOSTL,,,,,,,,,AM,SAP,,X
A_S_WERK,BUKRS,WERKS,,,,,,,,,AM,SAP,,
F_FAGL_SEG,ACTVT,SEGMENT,GLRRCTY,,,,,,,,FI,SAP,,
F_LFA1_APP,ACTVT,APPKZ,,,,,,,,,FI,SAP,,
F_LFA1_BEK,BRGRU,ACTVT,,,,,,,,,FI,SAP,,
F_LFA1_BUK,BUKRS,ACTVT,,,,,,,,,FI,SAP,,
F_LFA1_GEN,ACTVT,,,,,,,,,,FI,SAP,,
F_LFA1_GRP,KTOKK,ACTVT,,,,,,,,,FI,SAP,,
K_PCA_MD,KOKRS,PRCTR,ACTVT,,,,,,,,CO,SAP,,
M_LFM1_EKO,ACTVT,EKORG,,,,,,,,,MM_E,SAP,,
C_DRAD_OBJ,ACTVT,DOKOB,STATUS,DOKAR,,,,,,,CV,SAP,,
F_BKPF_BEK,BRGRU,ACTVT,,,,,,,,,FI,SAP,,
A_S_ANLGR,BUKRS,ACTVT,,,,,,,,,AM,SAP,,
F_BKKA_BKA,ACTVT,BKKRS,,,,,,,,,IS_B,SAP,,
F_BKKA_GRP,ACTVT,BRGRU,,,,,,,,,IS_B,SAP,,
F_BKKA_PRG,ACTVT,BEGRU,,,,,,,,,IS_B,SAP,,
B_BUPA_GRP,ACTVT,BEGRU,,,,,,,,,AAAB,SAP,,
B_BUPA_RLT,ACTVT,RLTYP,,,,,,,,,AAAB,SAP,,
B_PCONTACT,ACTVT,BPC_ACTIVT,BPC_CCLASS,BEGRU,,,,,,,BPCT,SAP,,
S_IDOCMONI,ACTVT,EDI_DIR,EDI_MES,EDI_PRN,EDI_PRT,EDI_TCD,,,,,BC_Z,SAP,,X
S_IDOCCTRL,ACTVT,EDI_TCD,,,,,,,,,BC_Z,SAP,,
S_DEVELOP,DEVCLASS,OBJTYPE,OBJNAME,P_GROUP,ACTVT,,,,,,BC_C,SAP,,
S_IDOCDEFT,ACTVT,EDI_CIM,EDI_DOC,EDI_TCD,,,,,,,BC_Z,SAP,,
B_ALE_MODL,ACTVT,CUSTMODEL,,,,,,,,,AAAB,SAP,,
B_ALE_CGRP,ACTVT,GROUP_CUST,,,,,,,,,AAAB,SAP,,
S_CTS_ADMI,CTS_ADMFCT,,,,,,,,,,BC_A,SAP,,
S_DATASET,PROGRAM,ACTVT,FILENAME,,,,,,,,BC_A,SAP,,X
S_TRANSPRT,TTYPE,ACTVT,,,,,,,,,BC_C,SAP,,
C_CACL_DSG,ACTVT,,,,,,,,,,CLAS,SAP,,
C_KLAH_BKL,ACTVT,BGRKL,,,,,,,,,CLAS,SAP,,
C_KLAH_BKP,ACTVT,BGRKP,,,,,,,,,CLAS,SAP,,
C_KLAH_BSE,ACTVT,BGRSE,,,,,,,,,CLAS,SAP,,
C_TCLA_BKA,KLART,,,,,,,,,,CLAS,SAP,,
C_TCLS_BER,KLART,SICHT,,,,,,,,,CLAS,SAP,,
C_TCLS_MNT,ACTVT,KLART,SICHT,,,,,,,,CLAS,SAP,,
F_KNA1_BED,BRGRU,ACTVT,,,,,,,,,FI,SAP,,
F_KNA1_BUK,BUKRS,ACTVT,,,,,,,,,FI,SAP,,
F_KNA1_GEN,ACTVT,,,,,,,,,,FI,SAP,,
F_KNA1_GRP,KTOKD,ACTVT,,,,,,,,,FI,SAP,,
M_MATE_BIC,BICUG,,,,,,,,,,MM_G,SAP,,
M_MATE_CHG,ACTVT,BEGRU,,,,,,,,,MM_G,SAP,,
M_MATE_MAN,ACTVT,,,,,,,,,,MM_G,SAP,,
M_MATE_MAR,ACTVT,BEGRU,,,,,,,,,MM_G,SAP,,
M_MATE_MAT,ACTVT,BEGRU,,,,,,,,,MM_G,SAP,,
M_MATE_WGR,ACTVT,BEGRU,,,,,,,,,MM_G,SAP,,
M_MATE_WRK,ACTVT,WERKS,,,,,,,,,MM_G,SAP,,
M_MATE_ZST,DUMMY,,,,,,,,,,MM_G,SAP,,
M_MSEG_WMB,ACTVT,WERKS,,,,,,,,,MM_B,SAP,,
M_MSEG_WWA,ACTVT,WERKS,,,,,,,,,MM_B,SAP,,
W_BETR_USR,WERKS,ACTVT,,,,,,,,,IS,SAP,,
B_BUPA_ATT,ACTVT,AUTHTYP,AUVAL1,AUVAL2,,,,,,,AAAB,SAP,,
B_BUPA_FDG,FLDGR,ACTVT,,,,,,,,,AAAB,SAP,,
B_BUPR_BZT,ACTVT,RELTYP,,,,,,,,,AAAB,SAP,,
B_BUPR_FDG,FLDGR,ACTVT,,,,,,,,,AAAB,SAP,,
B_CCARD,ACTVT,,,,,,,,,,AAAB,SAP,,
B_USERSTAT,STSMA,OBTYP,BERSL,ACTVT,,,,,,,AAAB,SAP,,
FZ_PRT_BEG,BEGRU,ACTVT,,,,,,,,,IS,SAP,,
F_BNKA_MAN,ACTVT,,,,,,,,,,AAAB,SAP,,
F_T_PART_B,ACTVT,ROLETYP,BEGRU,,,,,,,,IS,SAP,,
F_T_PART_R,ROLETYP,ACTVT,,,,,,,,,IS,SAP,,
S_CTS_SADM,DOMAIN,DESTSYS,CTS_ADMFCT,,,,,,,,BC_A,SAP,,
B_BUP_PCPT,ACTVT,,,,,,,,,,AAAB,SAP,,
S_TCODE,TCD,,,,,,,,,,AAAB,SAP,,
S_APPL_LOG,ALG_OBJECT,ALG_SUBOBJ,ACTVT,,,,,,,,BC_Z,SAP,,
C_FVER_WRK,ACTVT,WERKS,,,,,,,,,PP,SAP,,X
F_KKSEPA,BUKRS,ACTVT,,,,,,,,,FI,SAP,,
F_KKVK_BEG,BEGRU,ACTVT,,,,,,,,,FI,SAP,,
F_KKVK_BUK,BUKRS,ACTVT,,,,,,,,,FI,SAP,,
F_KKVK_VKT,VKTYP_KK,ACTVT,,,,,,,,,FI,SAP,,
F_KK_FCODE,OBJAP,FCODE,,,,,,,,,FI,SAP,,
F_KK_LOCK,ACTVT,LOTYP_KK,PROID_KK,,,,,,,,FI,SAP,,
F_KKVK_FDG,FLDGR_FICA,ACTVT,,,,,,,,,FI,SAP,,
SDDLVIEW,DDLNAME,DDLSRCNAME,ACTVT,,,,,,,,AAAB,SAP,,
C_CRFH_BRG,ACTVT,BRGRU,,,,,,,,,PP,SAP,,
G_800S_GSE,BRGRU,ACTVT,,,,,,,,,FI,SAP,,
G_800_GRP,BRGRU,ACTVT,,,,,,,,,AAAB,SAP,,
G_803J_GJB,BRGRU,ACTVT,,,,,,,,,AAAB,SAP,,
K_KEKO,KLVAR,BUKRS,ACTVT,,,,,,,,CO,SAP,,
C_CLAS_UTI,ACTVT,,,,,,,,,,CLAS,SAP,,
C_CABN,ACTVT,,,,,,,,,,CLAS,SAP,,
C_CLAS_NRM,ACTVT,,,,,,,,,,CLAS,SAP,,
M_MATE_NEU,DUMMY,,,,,,,,,,MM_G,SAP,,
M_MATE_STA,ACTVT,STATM,,,,,,,,,MM_G,SAP,,
C_CLAS_UMS,ACTVT,,,,,,,,,,CLAS,SAP,,
C_KAPA_PLA,ACTVT,,,,,,,,,,PP,SAP,,
C_AFKO_ATY,ACTVT,AUTYP,,,,,,,,,PP,SAP,,X
C_AFKO_AWA,ACTVT,AUTYP,AUFART,WERKS,,,,,,,PP,SAP,,
C_AFKO_AWK,WERKS,AUFART,,,,,,,,,PP,SAP,,
C_KAPA_ABG,ACTVT,,,,,,,,,,PP,SAP,,
C_PRPS_ART,PS_PRART,PS_ACTVT,,,,,,,,,PS,SAP,,
C_PRPS_KOK,KOKRS,PS_ACTVT,,,,,,,,,PS,SAP,,
C_PRPS_KST,PS_FKOKR,PS_FKSTL,PS_ACTVT,,,,,,,,PS,SAP,,X
C_PRPS_PRC,PRCTR,PS_ACTVT,,,,,,,,,PS,SAP,,X
C_PRPS_VNR,PS_VERNR,PS_ACTVT,,,,,,,,,PS,SAP,,X
M_MIPA_ORG,ACTVT,WERKS,,,,,,,,,MM_D,SAP,,
V_KNA1_VKO,VKORG,VTWEG,SPART,ACTVT,,,,,,,SD,SAP,,
V_VBAK_AAT,AUART,ACTVT,,,,,,,,,SD,SAP,,X
V_VBAK_CCD,ACTVT,AUART_CCD,,,,,,,,,SD,SAP,,
V_VBAK_VKO,VKORG,VTWEG,SPART,ACTVT,,,,,,,SD,SAP,,
M_MTDI_ORG,MDAKT,WERKS,DISPO,,,,,,,,MM_D,SAP,,
M_PLAF_ORG,MDAKT,WERKS,DISPO,,,,,,,,MM_D,SAP,,
C_CREC_WRK,ACTVT,WERKS,,,,,,,,,PP,SAP,,
C_CREX_WRK,ACTVT,WERKS,ADRES,,,,,,,,PP,SAP,,
S_BDS_DS,ACTVT,CLASSNAME,CLASSTYPE,,,,,,,,BC_Z,SAP,,X
C_MESS_WRK,ACTVT,WERKS,,,,,,,,,PP,SAP,,
C_CRPI_BER,ACTVT,WERKS,ADRES,,,,,,,,PP,SAP,,
B_USERST_T,STSMA,OBTYP,BERSL,ACTVT,,,,,,,AAAB,SAP,,
C_SIGN_BGR,SIGNAUTH,,,,,,,,,,AAAB,SAP,,
M_MATE_CHP,ACTVT,BEGRU,,,,,,,,,MM_G,SAP,,
S_SPO_DEV,SPODEVICE,,,,,,,,,,BC_A,SAP,,X
S_WFAR_OBJ,OAARCHIV,OAOBJEKTE,OADOKUMENT,ACTVT,,,,,,,BC_Z,SAP,,
S_WFAR_PRI,OAARCHIV,OAOBJEKTE,OADOKUMENT,ACTVT,PROGRAM,,,,,,BC_Z,SAP,,X
C_AFFW_TWK,AUTYP,WERKS,,,,,,,,,PP,SAP,PP,X
M_MSEG_BWA,ACTVT,BWART,,,,,,,,,MM_B,SAP,,
M_MSEG_BWF,ACTVT,BWART,,,,,,,,,MM_B,SAP,,
M_MSEG_WWF,ACTVT,WERKS,,,,,,,,,MM_B,SAP,,
F_PAYRQ,BUKRS,ORIGIN,ACTVT,,,,,,,,FI,SAP,,X
F_REGU_BUK,BUKRS,FBTCH,,,,,,,,,FI,SAP,,X
F_RPCODE,BUKRS,PTYPE,ACTVT,,,,,,,,FI,SAP,,X
S_BTCH_JOB,JOBACTION,JOBGROUP,,,,,,,,,BC_A,SAP,,
C_STUE_BER,STLTY,STLAN,ACTVT,BEGRU,,,,,,,PP,SAP,,
C_AFRU_AWK,ACTVT,WERKS,AUFART,,,,,,,,PP,SAP,,
F_KKKO_BEG,BRGRU,ACTVT,,,,,,,,,FI,SAP,,
F_KKKO_BUK,BUKRS,ACTVT,,,,,,,,,FI,SAP,,
P_CORR,COTYP_KK,ACTVT,,,,,,,,,AAAB,SAP,,
K_VRGNG,KOKRS,CO_VRGNG,ACTVT,,,,,,,,CO,SAP,,
C_KANBAN,PKATY,WERKS,,,,,,,,,PP,SAP,,
C_STUE_NOH,NOHIS,,,,,,,,,,PP,SAP,,
C_STUE_WRK,ACTVT,CSWRK,,,,,,,,,PP,SAP,,
C_VC_MODEL,ACTVT,LOV_OBJTYP,,,,,,,,,VC,SAP,,
ACO_SUPER,ACO_ACT_S,ACO_OTYP_S,,,,,,,,,ACO,SAP,,
C_DRAW_APL,ACTVT,DOKAR,FILEXT,,,,,,,,CV,SAP,,
C_DRAW_BGR,BEGRU,,,,,,,,,,CV,SAP,,
C_DRAW_DOK,DOKAR,ACTVT,,,,,,,,,CV,SAP,,
C_DRAW_MUP,DOKAR,DOKST,MUP_CAT,ACTVT,,,,,,,CV,SAP,,
C_DRAW_STA,DOKAR,DOKST,,,,,,,,,CV,SAP,,
C_DRAW_TCD,DOKAR,ACTVT,,,,,,,,,CV,SAP,,
C_DRAW_TCS,DOKAR,DOKST,ACTVT,,,,,,,,CV,SAP,,
C_LO_CM,ACTVT,ACT_OBJ_CM,,,,,,,,,LO,SAP,,
DRF_ADM,ACTVT,DRF_APPL,DRF_SERV,DRF_FOBJ,,,,,,,AAAB,SAP,,
S_XMB_MONI,ACTVT,SXMBPARTY,SXMBPRTAG,SXMBPRTTYP,SXMBSERV,SXMBIFNS,SXMBIFNAME,,,,BC_A,SAP,,X
DRF_RECEIV,ACTVT,DRF_RECEIV,,,,,,,,,AAAB,SAP,,
E_B_BIL_PL,ISU_ACTIVT,,,,,,,,,,IS_U,SAP,,
E_PORTION,ISU_ACTIVT,BEGRU,,,,,,,,,IS_U,SAP,,
E_INSTLN,BEGRU,ISU_ACTIVT,ISU_AKLASS,SPART,,,,,,,IS_U,SAP,,
E_MRD_UNIT,ISU_ACTIVT,BEGRU,,,,,,,,,IS_U,SAP,,
C_PSCVP_DB,ACTVT,,,,,,,,,,PS,SAP,,
K_CSKS,KOKRS,KOSTL,ACTVT,,,,,,,,CO,SAP,,X
E_CONTRACT,ISU_ACTIVT,BEGRU,BUKRS,SPART,,,,,,,IS_U,SAP,,
E_INVOICE,ISU_ACTIVT,VKTYP_KK,BUKRS,BEGRU,,,,,,,IS_U,SAP,,
PLOG,PLVAR,OTYPE,INFOTYP,SUBTYP,ISTAT,PPFCODE,,,,,HR,SAP,,
S_TRANSLAT,ACTVT,TLANGUAGE,TRANOBJ,,,,,,,,BC_C,SAP,,X
E_REGIOGRP,ISU_ACTIVT,ISU_REGGRP,,,,,,,,,IS_U,SAP,,
F_KKINTER,ACTVT,,,,,,,,,,FI,SAP,,
F_KKKO_GSB,GSBER,ACTVT,,,,,,,,,FI,SAP,,
F_KKSU,ACTVT,,,,,,,,,,FI,SAP,,
F_SKA1_KTP,KTOPL,ACTVT,,,,,,,,,FI,SAP,,
E_PREMISE,ISU_ACTIVT,BEGRU,,,,,,,,,IS_U,SAP,,
E_VARIANT,ISU_ACTIVT,,,,,,,,,,IS_U,SAP,,
F_KKINSTPL,ACTVT,,,,,,,,,,FI,SAP,,
E_PRICE1,ISU_ACTIVT,SPART,ISU_AKLASS,BEGRU,,,,,,,IS_U,SAP,,
E_RATE_CAT,ISU_ACTIVT,SPART,ISU_AKLASS,,,,,,,,IS_U,SAP,,
F_KKMA,AKTYP_KK,BEGRU,ACTVT,,,,,,,,FI,SAP,,
F_KKVARI,OBJECT_KK,ACTVT,,,,,,,,,FI,SAP,,
E_DEV_RATE,ISU_ACTIVT,SPART,,,,,,,,,IS_U,SAP,,
E_RATE,ISU_ACTIVT,SPART,ISU_AKLASS,,,,,,,,IS_U,SAP,,
E_MOVE_IN,ISU_ACTIVT,,,,,,,,,,IS_U,SAP,,
E_NBSERVIC,ISU_ACTIVT,BEGRU,,,,,,,,,IS_U,SAP,,
E_SERVPROV,ISU_ACTIVT,BEGRU,,,,,,,,,IS_U,SAP,,
F_KKRD_MAS,ACTVT,,,,,,,,,,FI,SAP,,
F_KK_SEC,BRGRU,ACTVT,,,,,,,,,FI,SAP,,
F_KNA1_APP,ACTVT,APPKZ,,,,,,,,,FI,SAP,,
E_DEV_PREL,ISU_SPTYP,,,,,,,,,,IS_U,SAP,,
E_INSTLN2,ISU_ACTIVT,ISU_SERVIC,,,,,,,,,IS_U,SAP,,
E_MR_DOC,ISU_MR_ACT,SPART,ISU_ABLEIN,,,,,,,,IS_U,SAP,,
E_EDM_PROF,ISU_PRFACT,ISU_PRFCAT,SPART,BEGRU,,,,,,,IS_U,SAP,,
E_MOVE_OUT,ISU_ACTIVT,,,,,,,,,,IS_U,SAP,,
S_ALV_LAYO,ACTVT,,,,,,,,,,BC_Z,SAP,,
E_DISC_DOC,ISU_ACTIVT,ISU_DISCPV,,,,,,,,,IS_U,SAP,,
S_SCD0,ACTVT,,,,,,,,,,BC_Z,SAP,,
E_LOYALACC,ISU_ACTIVT,BEGRU,,,,,,,,,IS_U,SAP,,
E_REDEMPTN,ISU_ACTIVT,BEGRU,,,,,,,,,IS_U,SAP,,
P_PRWBENCH,RF_MODE,FORMCLASS,,,,,,,,,AAAB,SAP,,
E_CRFC_CHG,SPART,,,,,,,,,,IS_U,SAP,,
E_DEV_CHNG,SPART,ISU_EINBAU,ISU_ACTIVT,,,,,,,,IS_U,SAP,,
E_REG_REL,ISU_ACTIVT,,,,,,,,,,IS_U,SAP,,
C_EHSO_GRP,ACTVT,ESEGRPTYP,ESEGRPID,,,,,,,,EHS,SAP,,
C_SHES_TDU,ACTVT,ESEAUTHGRP,ESEESTCAT,ESERVLID,ESEVACLID,,,,,,EHS,SAP,,
C_SHES_TR2,ACTVT,ESEAUTHGRP,SUBCAT,,,,,,,,EHS,SAP,,
C_SHES_TRH,ACTVT,ESEAUTHGRP,,,,,,,,,EHS,SAP,,
C_SHES_TV2,ACTVT,ESEAUTHGRP,ESEESTCAT,ESERVLID,ESEVACLID,SUBCAT,,,,,EHS,SAP,,
C_SHES_TVH,ACTVT,ESEAUTHGRP,ESEESTCAT,ESERVLID,ESEVACLID,,,,,,EHS,SAP,,
EHFND_REGL,ACTVT,,,,,,,,,,EHS,SAP,,
EHFND_WFT,TCD,ACTVT,,,,,,,,,EHS,SAP,,
EHFND_CTRL,ACTVT,,,,,,,,,,EHS,SAP,,
EHFND_LOC,ACTVT,LOCTYPE,LOCSTATUS,LOCAUTHGRP,LOCPLANT,LOCCOST,LOCCOMP,LOCBUSAREA,,,EHS,SAP,,
EHHSS_AGT,ACTVT,,,,,,,,,,EHS,SAP,,
EHHSS_INC1,ACTVT,INC_CATEG,INC_STATUS,ORGUNIT_ID,PLANT_ID,ACCESS_LEV,,,,,AAAA,SAP,,
EHHSS_INC3,ACTVT,NM_GROUP,SO_GROUP,INC_GROUP,INC_NO_GRP,,,,,,AAAA,SAP,,
EHHSS_RAS,ACTVT,RAS_TYPE,LOCAUTHGRP,LOCPLANT,LOCCOST,LOCCOMP,LOCBUSAREA,,,,EHS,SAP,,
P_ORGIN,INFTY,SUBTY,AUTHC,PERSA,PERSG,PERSK,VDSK1,,,,HR,SAP,,
P_PERNR,AUTHC,PSIGN,INFTY,SUBTY,,,,,,,HR,SAP,,
S_USER_GRP,CLASS,ACTVT,,,,,,,,,BC_A,SAP,,
EHHSS_INC2,ACTVT,ORGUNIT_ID,PLANT_ID,FORM_NAME,,,,,,,EHS,SAP,,
EHHSS_INC5,ACTVT,LOCTYPE,LOCSTATUS,LOCAUTHGRP,LOCPLANT,LOCCOST,LOCCOMP,LOCBUSAREA,LOCCOUNTRY,LOCREGION,AAAA,SAP,,
EHPRC_CDO,ACTVT,REQ,REV_STATUS,CDCATEGORY,,,,,,,EHS,SAP,,
K_CCA,RESPAREA,CO_ACTION,KSTAR,,,,,,,,CO,SAP,,X
EHFND_DTS,ACTVT,LOCAUTHGRP,LOCPLANT,LOCCOST,LOCCOMP,LOCBUSAREA,,,,,AAAA,SAP,,
EHHSS_INC6,ACTVT,INC_CATEG,INC_STATUS,ORGUNIT_ID,PLANT_ID,LOC_ID,COUNTRY,REGION,ACCESS_LEV,,EHS,SAP,,
EHHSS_INC7,ACTVT,NM_GROUP,SO_GROUP,INC_GROUP,,,,,,,EHS,SAP,,
S_WF_WI,WI_TYPE,TASK_CLASS,WFACTVT,,,,,,,,BC_Z,SAP,,X
C_AENR_BGR,ACTVT,BEGRU,,,,,,,,,ECH,SAP,,
C_AENR_ERW,ACTVT,BEGRU,AENST,RLKEY,AEFUN,,,,,,ECH,SAP,,
C_EHSP_TPP,ACTVT,LANGUAGE,ESECATPIN,ESEPHRGRP,PPSTATE,,,,,,EHS,SAP,,
C_SHEP_TPG,ACTVT,ESECATPIN,ESEPHRGRP,,,,,,,,EHS,SAP,,
C_SHES_TD2,ACTVT,ESEAUTHGRP,ESEESTCAT,ESERVLID,ESEVACLID,SUBCAT,,,,,EHS,SAP,,
F_BKPF_GSB,GSBER,ACTVT,,,,,,,,,FI,SAP,,
F_SKA1_BUK,BUKRS,ACTVT,,,,,,,,,FI,SAP,,
PLM_TRUSR,PLM_OTYP_T,,,,,,,,,,PLMB,SAP,,
S_ALV_LAYR,ACTVT,REPORT,HANDLE,LOG_GROUP,,,,,,,BC_Z,SAP,,
C_SHER_TDH,ACTVT,ESEAUTHGRP,ESEREPTYPE,DOKST,ESERVLID,ESEVACLID,,,,,EHS,SAP,,
S_RFC,RFC_TYPE,RFC_NAME,ACTVT,,,,,,,,AAAB,SAP,,
S_BTCH_ADM,BTCADMIN,,,,,,,,,,BC_A,SAP,,
M_AUSW_MCC,ACTVT,MCAPP,,,,,,,,,LC,SAP,,
M_INFO_MCB,MCINF,,,,,,,,,,LC,SAP,,
M_INFO_MCC,ACTVT,MCAPP,,,,,,,,,LC,SAP,,
M_DDIC_DOB,MCDDC,,,,,,,,,,LC,SAP,,
M_INFO_ANL,MCAPP,MCINF,ACTVT,,,,,,,,LC,SAP,,
M_IS_DISPO,MCINF,DISPO,,,,,,,,,LC,SAP,,
M_IS_KENNZ,MCINF,MCKEN,,,,,,,,,LC,SAP,,
M_IS_MATKL,MCINF,MATKL,,,,,,,,,LC,SAP,,
M_IS_MTART,MCINF,MTART,,,,,,,,,LC,SAP,,
M_IS_SPART,MCINF,SPART,,,,,,,,,LC,SAP,,
M_IS_WERKS,MCINF,WERKS,,,,,,,,,LC,SAP,,
E_MR_DOC1,ISU_MR_ACT,SPART,ISU_ABLEIN,BEGRU,,,,,,,IS_U,SAP,,
E_MR_DOC2,ISU_MR_ACT,BUKRS,,,,,,,,,IS_U,SAP,,
E_ELOCEO,ISU_ACTIVT,,,,,,,,,,IS_U,SAP,,
E_INST_REM,ISU_DV_ACT,,,,,,,,,,IS_U,SAP,,
E_SERVFREQ,ISU_ACTIVT,ISU_EWAOBJ,,,,,,,,,IS_U,SAP,,X
E_SERVLOC,ISU_ACTIVT,BEGRU,,,,,,,,,IS_U,SAP,,
B_EMMA_LOG,ACTVT,BRGRU,,,,,,,,,AAAB,SAP,,X
B_EMMA_CAS,ACTVT,BRGRU,,,,,,,,,AAAB,SAP,,X
F_EPIC_BR,BUKRS,HBKID,HKTID,BR_ACTVT,BRKUNNR,BRLIFNR,BRSTATUS,BR_CLAIM,BR_INDFY,BR_WIDRWL,FI,SAP,,
E_ROUTE,ISU_ACTIVT,BEGRU,,,,,,,,,IS_U,SAP,,
E_CONNOBJ,ISU_ACTIVT,BEGRU,,,,,,,,,IS_U,SAP,,
E_DEVLOC,ISU_ACTIVT,BEGRU,,,,,,,,,IS_U,SAP,,
E_OPERAND,ISU_ACTIVT,SPART,,,,,,,,,IS_U,SAP,,
E_RATE_DET,ISU_ACTIVT,SPART,ISU_AKLASS,,,,,,,,IS_U,SAP,,
E_GRID,ISU_ACTIVT,ISU_GRRATE,,,,,,,,,IS_U,SAP,,
E_POD,ISU_ACTIVT,BEGRU,,,,,,,,,IS_U,SAP,,
E_DEV_REL,ISU_ACTIVT,,,,,,,,,,IS_U,SAP,,
E_PRESCL,ISU_ACTIVT,SPART,,,,,,,,,IS_U,SAP,,
E_PROPERTY,ISU_ACTIVT,,,,,,,,,,IS_U,SAP,,
I_IWERK,TCD,IWERK,,,,,,,,,PM,SAP,,
I_SWERK,TCD,SWERK,,,,,,,,,PM,SAP,,
I_TCODE,TCD,,,,,,,,,,PM,SAP,,
E_AMI_OPST,ISU_OPACT,,,,,,,,,,IS_U,SAP,,
E_DTX_TASK,ISU_DTXAKT,ISU_SPROV,ISU_SPROVS,,,,,,,,IS_U,SAP,,
S_PROJECT,PROJECT_ID,APPL_COMP,ACTVT,PROJ_CONF,,,,,,,AAAB,SAP,,X
E_INSTLN3,ISU_ACTIVT,SPART,ISU_SERVIC,,,,,,,,IS_U,SAP,,
E_POD2,ISU_POD_TB,,,,,,,,,,IS_U,SAP,,
E_WABILL,ISU_ACTIVT,BEGRU,,,,,,,,,IS_U,SAP,,
E_BULKY,ISU_ACTIVT,,,,,,,,,,IS_U,SAP,,
E_CAPAB,ISU_ACTIVT,,,,,,,,,,IS_U,SAP,,
E_CLEAN,ISU_ACTIVT,,,,,,,,,,IS_U,SAP,,
E_ROB,ISU_ACTIVT,BEGRU,,,,,,,,,IS_U,SAP,,
A_IMPR_KOK,KOKRS,IM_ACTVT,,,,,,,,,IM,SAP,,
C_AFKO_DIS,WERKS,DISPO,TRTYP,,,,,,,,PS,SAP,,
E_ORDER,ISU_ACTIVT,BEGRU,,,,,,,,,IS_U,SAP,,
I_AUART,IWERK,AUFART,,,,,,,,,PM,SAP,,
S_ADMI_FCD,S_ADMI_FCD,,,,,,,,,,BC_A,SAP,,
/CPD/MP,ACTVT,/CPD/MP_TY,/CPD/MP_ID,/CPD/MP_OR,/CPD/MP_IN,SUB_ACTVT,/CPD/ASPCT,/CPD/MP_CF,,,/CPD,SAP,,
C_AFKO_ACT,PS_ACTVT,,,,,,,,,,PS,SAP,,
C_AFVG_APL,WERKS,ARBPL,PS_ACTVT,,,,,,,,PS,SAP,,
C_AFVG_TYP,PS_VGTYP,PS_ACTVT,,,,,,,,,PS,SAP,,
C_PROJ_KOK,KOKRS,PS_ACTVT,,,,,,,,,PS,SAP,,
C_PROJ_PRC,PRCTR,PS_ACTVT,,,,,,,,,PS,SAP,,X
C_PROJ_VNR,PS_VERNR,PS_ACTVT,,,,,,,,,PS,SAP,,X
C_PRPS_USR,USR20_1,USR20_2,USR10_1,USR10_2,USRFLAG_1,USRFLAG_2,PS_ACTVT,,,,PS,SAP,,X
F_BKPF_BEB,ACTVT,BAGRP,,,,,,,,,FI,SAP,,
F_BKPF_BED,BRGRU,ACTVT,,,,,,,,,FI,SAP,,
F_FICB_FKR,FM_AUTHACT,FM_FIKRS,,,,,,,,,FI,SAP,,
F_KMT_MGMT,BEGRU,ACTVT,,,,,,,,,FI,SAP,,
K_PCAR_REP,BUKRS,PRCTR,KSTAR,ACTVT,,,,,,,CO,SAP,,X
M_ANFR_BSA,ACTVT,BSART,,,,,,,,,MM_E,SAP,,
M_ANFR_EKG,ACTVT,EKGRP,,,,,,,,,MM_E,SAP,,
M_ANFR_EKO,ACTVT,EKORG,,,,,,,,,MM_E,SAP,,
M_ANFR_WRK,ACTVT,WERKS,,,,,,,,,MM_E,SAP,,
M_ANGB_BSA,ACTVT,BSART,,,,,,,,,MM_E,SAP,,
M_ANGB_EKG,ACTVT,EKGRP,,,,,,,,,MM_E,SAP,,
M_ANGB_EKO,ACTVT,EKORG,,,,,,,,,MM_E,SAP,,
M_ANGB_WRK,ACTVT,WERKS,,,,,,,,,MM_E,SAP,,
M_BEST_BSA,ACTVT,BSART,,,,,,,,,MM_E,SAP,,
M_BEST_EKG,ACTVT,EKGRP,,,,,,,,,MM_E,SAP,,
M_BEST_EKO,ACTVT,EKORG,,,,,,,,,MM_E,SAP,,
M_BEST_WRK,ACTVT,WERKS,,,,,,,,,MM_E,SAP,,
M_QTN_BSA,ACTVT,BSART,,,,,,,,,MM_E,SAP,,
M_QTN_EKG,ACTVT,EKGRP,,,,,,,,,MM_E,SAP,,
M_QTN_EKO,ACTVT,EKORG,,,,,,,,,MM_E,SAP,,
M_QTN_WRK,ACTVT,WERKS,,,,,,,,,MM_E,SAP,,
M_RAHM_BSA,ACTVT,BSART,,,,,,,,,MM_E,SAP,,
M_RAHM_EKG,ACTVT,EKGRP,,,,,,,,,MM_E,SAP,,
M_RAHM_EKO,ACTVT,EKORG,,,,,,,,,MM_E,SAP,,
M_RAHM_LGO,ACTVT,WERKS,LGORT,,,,,,,,MM_E,SAP,,
M_RAHM_WRK,ACTVT,WERKS,,,,,,,,,MM_E,SAP,,
M_RFQ_BSA,ACTVT,BSART,,,,,,,,,MM_E,SAP,,
M_RFQ_EKG,ACTVT,EKGRP,,,,,,,,,MM_E,SAP,,
M_RFQ_EKO,ACTVT,EKORG,,,,,,,,,MM_E,SAP,,
M_RFQ_WRK,ACTVT,WERKS,,,,,,,,,MM_E,SAP,,
F_BKPF_BUP,BRGRU,,,,,,,,,,FI,SAP,,
I_MASS,IMASS,,,,,,,,,,PM,SAP,,
K_TP_VALU,KOKRS,VALUTYP,ACTVT,,,,,,,,CO,SAP,,
F_AVIK_BUK,BUKRS,ACTVT,,,,,,,,,FI,SAP,,
F_REGU_KOA,KOART,FBTCH,,,,,,,,,FI,SAP,,X
F_MAHN_BUK,BUKRS,FBTCH,,,,,,,,,FI,SAP,,X
F_MAHN_KOA,KOART,FBTCH,,,,,,,,,FI,SAP,,X
F_FCRD_VOU,CRVOU_ACT,CCINS,CCNUM,,,,,,,,FI,SAP,,
F_FICA_FOG,FM_AUTHACT,FM_FIKRS,FM_AUTHGRF,,,,,,,,FI,SAP,,
F_FICA_FPG,FM_AUTHACT,FM_FIKRS,FM_AUTHGRP,,,,,,,,FI,SAP,,
F_FICA_FSG,FM_AUTHACT,FM_FIKRS,FM_AUTHGRC,,,,,,,,FI,SAP,,
F_FICA_TRG,FM_AUTHACT,FM_FIKRS,FM_AUTHGRF,FM_AUTHGRC,FM_AUTHGRP,,,,,,FI,SAP,,
S_DOKU_AUT,DOKU_ACT,DOKU_DEVCL,DOKU_MODE,,,,,,,,BC_C,SAP,,
F_FMMD_FAR,FM_AUTHACT,FM_FIKRS,FM_GRP_FAR,,,,,,,,FI,SAP,,
F_FMMD_MES,FM_AUTHACT,FM_FIKRS,FM_AUTHGRM,,,,,,,,FI,SAP,,
F_FUNDSRES,BUKRS,FMRE_BLTYP,FMRE_BLART,FMRE_AUTH,,,,,,,FI,SAP,,
F_FIGM_GNT,ACTVT,GM_AUTHGR,GM_LIFESTA,,,,,,,,FI,SAP,,
F_BKKA_ATT,ACTVT,AUTYP_BKKA,AUVAL1,AUVAL2,,,,,,,IS_B,SAP,,
F_BKKA_BPG,ACTVT,BEGRU,,,,,,,,,IS_B,SAP,,
F_GLRE_BKA,BKKRS,,,,,,,,,,IS_B,SAP,,
F_PAOR_BKA,ACTVT,BKKRS,,,,,,,,,IS_B,SAP,,
F_COND_ATT,ACTVT,AUTYP_COND,AUVAL1,AUVAL2,,,,,,,IS_B,SAP,,
F_COND_BDC,ACTVT,CONDAREA,COND_ART,,,,,,,,IS_B,SAP,,
F_COND_COA,ACTVT,CONDAREA,,,,,,,,,IS_B,SAP,,
F_COND_TYP,ACTVT,CONDCATG,,,,,,,,,IS_B,SAP,,
F_CLOS_ACT,ACTVT,,,,,,,,,,IS_B,SAP,,
F_PERI_ACT,OBJMETH_RE,BKKRS,ACTVT,,,,,,,,IS_B,SAP,,
F_CASH_ACG,ACTVT,BEGRU,,,,,,,,,IS_B,SAP,,
F_CASH_ATT,ACTVT,AUTYP_CASH,AUVAL1,AUVAL2,,,,,,,IS_B,SAP,,
F_CASH_BKA,ACTVT,BKKRS,,,,,,,,,IS_B,SAP,,
F_CASH_BPG,ACTVT,BEGRU,,,,,,,,,IS_B,SAP,,
F_CASH_PRG,ACTVT,BEGRU,,,,,,,,,IS_B,SAP,,
F_CASH_TYP,ACTVT,CASHB_TYPE,,,,,,,,,IS_B,SAP,,
F_CASH_ACT,ACTVT,,,,,,,,,,IS_B,SAP,,
F_ACHY_BKA,ACTVT,BKKRS,,,,,,,,,IS_B,SAP,,
F_GLVA_BKA,ACTVT,BKKRS,,,,,,,,,IS_B,SAP,,
F_GLLO_BKA,ACTVT,BKKRS,,,,,,,,,IS_B,SAP,,
F_PAIT_GRP,ACTVT,BEGRU,,,,,,,,,IS_B,SAP,,
S_SCD0_OBJ,ACTVT,OBJECTCLAS,,,,,,,,,BC_Z,SAP,,
F_PAOR_ACG,ACTVT,BEGRU,,,,,,,,,IS_B,SAP,,
F_PAOR_ATT,ACTVT,AUTYP_PAOR,AUVAL1,AUVAL2,,,,,,,IS_B,SAP,,
F_PAOR_BPG,ACTVT,BEGRU,,,,,,,,,IS_B,SAP,,
F_PAOR_GRP,BEGRU,ACTVT,,,,,,,,,IS_B,SAP,,
F_PAOR_PRG,ACTVT,BEGRU,,,,,,,,,IS_B,SAP,,
F_PAIT_ACG,ACTVT,BEGRU,,,,,,,,,IS_B,SAP,,
F_PAIT_ATT,ACTVT,AUTYP_PAIT,AUVAL1,AUVAL2,,,,,,,IS_B,SAP,,
F_PAIT_BKA,ACTVT,BKKRS,,,,,,,,,IS_B,SAP,,
F_PAIT_BPG,ACTVT,BEGRU,,,,,,,,,IS_B,SAP,,
F_PAIT_PRG,ACTVT,BEGRU,,,,,,,,,IS_B,SAP,,
T_BP_DEAL,BUKRS,PARTNR,BP_TYP,ACTVT,,,,,,,TRTM,SAP,,
F_BKKA_FDG,FLDGR_BKKA,ACTVT,,,,,,,,,IS_B,SAP,,
F_COND_ITP,ACTVT,CONDCATG,,,,,,,,,IS_B,SAP,,
F_NTC_ACT,ACTVT,BKKRS,,,,,,,,,IS_B,SAP,,
F_ACCL_ACT,ACTVT,,,,,,,,,,IS_B,SAP,,
F_STOR_BKA,ACTVT,BKKRS,,,,,,,,,IS_B,SAP,,
F_STOR_BPG,ACTVT,BEGRU,,,,,,,,,IS_B,SAP,,
F_STOR_GRP,BEGRU,ACTVT,,,,,,,,,IS_B,SAP,,
F_STOR_PRG,ACTVT,BEGRU,,,,,,,,,IS_B,SAP,,
F_STOR_ACG,ACTVT,BEGRU,,,,,,,,,IS_B,SAP,,
F_STOR_ATT,ACTVT,AUTYP_STOR,AUVAL1,AUVAL2,,,,,,,IS_B,SAP,,
F_ACES_PST,ACE_COMP,ACTVT,,,,,,,,,FI,SAP,,
F_BNKA_MAO,ACTVT,BBANKS,,,,,,,,,AAAB,SAP,,
F_BUAC_PST,ACTVT,BUKRS,BU_AUGRP,,,,,,,,PSMC,SAP,,
F_FUND_PST,ACTVT,FM_FIKRS,FM_AUTHGRF,,,,,,,,PSMC,SAP,,
F_MANDATE,BUKRS,ACTVT,,,,,,,,,FI,SAP,,
CRM_ORD_PR,PR_TYPE,ACTVT,,,,,,,,,CRM,SAP,,
F_IT_ALV,ACTVT,,,,,,,,,,FI,SAP,,
K_REPO_CCA,KOKRS,KOSTL,KSTAR,ACTVT,,,,,,,CO,SAP,,X
S_NUMBER,NROBJ,ACTVT,,,,,,,,,BC_Z,SAP,,
F_PAYR_BUK,BUKRS,ACTVT,,,,,,,,,FI,SAP,,
F_KNB1_ANA,BUKRS,,,,,,,,,,FI,SAP,,
F_KNKA_KKB,ACTVT,KKBER,,,,,,,,,FI,SAP,,
S_TMS_ACT,STMSACTION,STMSOWNER,STMSOBJECT,,,,,,,,BC_A,SAP,,
F_FEBB_BUK,BUKRS,ACTVT,,,,,,,,,FI_T,SAP,,
F_FDSB_BUK,BUKRS,ACTVT,,,,,,,,,FI_T,SAP,,
F_FDES_BUK,BUKRS,ACTVT,,,,,,,,,FI_T,SAP,,
F_FDES_GSB,GSBER,ACTVT,,,,,,,,,FI_T,SAP,,
F_FDSB_GSB,GSBER,ACTVT,,,,,,,,,FI_T,SAP,,
F_FDSR_BUK,BUKRS,ACTVT,,,,,,,,,FI_T,SAP,,
F_FDSR_GSB,GSBER,ACTVT,,,,,,,,,FI_T,SAP,,
F_FEBC_BUK,BUKRS,ACTVT,,,,,,,,,FI_T,SAP,,
F_BNKA_BUK,BUKRS,ACTVT,,,,,,,,,FI,SAP,,
/AIF/CFUNC,/AIF/NS,/AIF/IF,/AIF/IFVER,/AIF/NSREC,/AIF/VISI,/AIF/OTHUS,ACTVT,,,,AIF,SAP,,
/AIF/HINTS,/AIF/NS,/AIF/IF,/AIF/IFVER,/AIF/NSREC,/AIF/VISI,/AIF/OTHUS,ACTVT,,,,AIF,SAP,,
/AIF/TECH,ACTVT,,,,,,,,,,AIF,SAP,,
V_VBRK_FKA,FKART,ACTVT,,,,,,,,,SD,SAP,,
V_VBRK_VKO,VKORG,ACTVT,,,,,,,,,SD,SAP,,
F_PROD_GRP,ACTVT,BEGRU,,,,,,,,,IS_B,SAP,,
F_KK_SOND,BFUNK_KK,,,,,,,,,,FI,SAP,,
F_KKBILBUK,BUKRS,ACTVT,,,,,,,,,FI,SAP,,
F_KKBITBKR,ACTVT,BUKRS,,,,,,,,,FI,SAP,,
F_KKBIXBIP,BIPCAT,ACTVT,,,,,,,,,FI,SAP,,
F_KKINVBIL,ACTVT,BEGRU,SRCPROCESS,,,,,,,,FI,SAP,,
F_KKINV,ACTVT,VKTYP_KK,BEGRU,,,,,,,,FI,SAP,,
F_KKINVBUK,BUKRS,ACTVT,,,,,,,,,FI,SAP,,
F_KKVT_BEG,BEGRU,ACTVT,,,,,,,,,FI,SAP,,
F_KKKO_AEN,ACTVT,VGRUP,,,,,,,,,FI,SAP,,
S_CFC_AUTH,CFC_OBJAP,BEGRU,ACTVT,,,,,,,,AAAB,SAP,,
F_KK_ODBUK,ORDERACT,BUKRS,,,,,,,,,FI,SAP,,
F_KK_ODCLS,ORDERACT,ORDCLS,,,,,,,,,FI,SAP,,
F_KK_ODTYP,ORDERACT,ORDTYP,,,,,,,,,FI,SAP,,
F_KKVT_BUK,BUKRS,ACTVT,,,,,,,,,FI,SAP,,
F_KK_ODCLA,ORDERACT,,,,,,,,,,FI,SAP,,
I_VVKK_BLA,BLART,ACTVT,,,,,,,,,IS_I,SAP,,
F_FICA_CTR,FM_AUTHACT,FM_FIKRS,FM_FICTR,,,,,,,,FI,SAP,,
F_FICA_FCD,FM_AUTHACT,FM_FIKRS,FM_FINCODE,,,,,,,,FI,SAP,,
F_FICA_FTR,FM_AUTHACT,FM_FIKRS,FM_FINCODE,FM_FICTR,FM_FIPOS,FM_AUTHDAY,,,,,FI,SAP,,
F_FICB_FPS,FM_AUTHACT,FM_FIKRS,FM_FIPOS,FM_AUTHDAY,,,,,,,FI,SAP,,
F_FICB_VER,FM_AUTHACT,FM_FIKRS,FM_VERSN,,,,,,,,FI,SAP,,
F_FICA_CVE,FM_AUTHACT,FM_MAINGRP,FM_SUBGRP,FM_FIKRS,FM_AUTHGRF,FM_AUTHGRC,FM_AUTHGRP,,,,FI,SAP,,
F_FICA_CVP,FM_AUTHACT,FM_MAINGRP,FM_SUBGRP,FM_FIKRS,FM_CVRPOOL,,,,,,FI,SAP,,
F_FICA_SEG,FM_AUTHACT,FM_FIKRS,FM_AUTHGRC,,,,,,,,FI,SAP,,
F_FICA_SIG,FM_AUTHACT,FM_FIKRS,FM_AUTHGRC,,,,,,,,FI,SAP,,
F_FM_OPEN,FM_FIKRS,FM_SUBAREA,FM_GROUP,,,,,,,,FI,SAP,,
F_FMBU_ACC,FM_AUTHACT,FM_FIKRS,FM_AUTHGRP,FM_AUTHGRC,FM_AUTHGRF,FM_GRP_FAR,GM_AUTHGR,FM_AUTHGRM,,,FI,SAP,,
F_FMBU_VER,FM_AUTHACT,FM_FIKRS,FM_VERSN,FM_BUDCAT,,,,,,,FI,SAP,,
F_FBCJ,BEGRU,ACTVT,,,,,,,,,FI,SAP,,
F_FMBU_DOC,FM_AUTHACT,FM_FIKRS,FM_DOCTYPE,,,,,,,,FI,SAP,,
F_FMBU_KYF,FM_AUTHACT,FM_FIKRS,FM_GRP_KEY,,,,,,,,FI,SAP,,
F_FMBU_STA,FM_AUTHACT,FM_FIKRS,FM_GRP_STA,,,,,,,,FI,SAP,,
F_FMCA_WOF,ABGRD,ACTVT,,,,,,,,,FI,SAP,,
F_FMCA_WOM,ACTVT,,,,,,,,,,FI,SAP,,
F_KKZK,ACTVT,,,,,,,,,,FI,SAP,,
F_PSDO_BEG,BEGRU,ACTVT,,,,,,,,,FI,SAP,,
F_PSDO_VGT,PSOBTYP_PS,ACTVT,,,,,,,,,FI,SAP,,
F_PSOB_BEG,BEGRU,ACTVT,,,,,,,,,FI,SAP,,
F_PSOB_VGT,PSOBTYP_PS,ACTVT,,,,,,,,,FI,SAP,,
F_FMCE_CVG,FM_AUTHACT,FM_FIKRS,FM_GRP_CVG,,,,,,,,FI,SAP,,
F_FM_DRRUL,FM_AUTHACT,FM_DRSUBCL,FM_DRSTRID,FM_DRENV,,,,,,,FI,SAP,,
F_FMMD_BPD,FM_AUTHACT,FM_GRP_BPD,,,,,,,,,FI,SAP,,
FD_DAR_BEG,BUKRS,BEGRU,ACTVT,,,,,,,,IS,SAP,,
FD_DAR_BUK,BUKRS,ACTVT,,,,,,,,,IS,SAP,,
FD_DAR_GSA,GSART,ACTVT,,,,,,,,,IS,SAP,,
FD_DAR_STA,SSTATI,ACTVT,,,,,,,,,IS,SAP,,X
FD_MAN_BUK,BUKRS,GSART,ACTVT,,,,,,,,IS,SAP,,
FD_MAS_BUK,BUKRS,GSART,ACTVT,,,,,,,,IS,SAP,,
K_TKA50,BRGRU,ACTVT,,,,,,,,,CO,SAP,,
F_FMCA_SHE,FM_AUTHACT,BUKRS,FM_CL_REAS,FM_CL_STAT,,,,,,,FI,SAP,,
F_FICA_KDR,FM_AUTHACT,FM_KEDRENV,,,,,,,,,FI,SAP,,
F_FICA_FCG,FM_AUTHACT,FM_FIKRS,,,,,,,,,FI,SAP,,
F_FICA_CIG,FM_AUTHACT,FM_FIKRS,,,,,,,,,FI,SAP,,
F_FICA_FUG,FM_AUTHACT,,,,,,,,,,FI,SAP,,
F_FICA_FNG,FM_AUTHACT,FM_FIKRS,,,,,,,,,FI,SAP,,
FD_DAR_ACT,SANLF,ACTVT,,,,,,,,,IS,SAP,,X
FD_AUS_BUK,BUKRS,ACTVT,,,,,,,,,IS,SAP,,
FD_AUS_GSA,GSART,ACTVT,,,,,,,,,IS,SAP,,
FD_BEL_ACT,ACTVT,,,,,,,,,,IS,SAP,,
F_DVER_BUK,BUKRS,GSART,ACTVT,,,,,,,,IS,SAP,,
F_DABS_BUK,BUKRS,GSART,ACTVT,,,,,,,,IS,SAP,,
FD_BO_BUK,BUKRS,GSART,ACTVT,SBO_CAT,,,,,,,IS,SAP,,
FD_AKT_ACT,ACTVT,,,,,,,,,,IS,SAP,,
F_INFO_BUK,BUKRS,GSART,SECU,,,,,,,,IS,SAP,,
FD_UMB_BUK,BUKRS,GSART,,,,,,,,,IS,SAP,,
FD_BAV_BUK,BUKRS,ACTVT,,,,,,,,,IS,SAP,,
FD_CLI_GRP,ACTVT,SSICH,,,,,,,,,IS_B,SAP,,
FD_DAR_DIS,ACTVT,BUKRS,FVD_DIS_CH,,,,,,,,IS_B,SAP,,
FD_DAR_SBW,ACTVT,BUKRS,GSART,SBEWART,,,,,,,IS_B,SAP,,
FD_COT_GRP,ACTVT,BEGRU,,,,,,,,,IS_B,SAP,,
T_CML_ARCH,BUKRS,GSART,ACTVT,ARCH_OBJ,,,,,,,TRTM,SAP,,
FD_POK_BUK,BUKRS,ACTVT,,,,,,,,,IS,SAP,,
F_POH_BEG,BUKRS,BEGRU,ACTVT,,,,,,,,IS,SAP,,
FD_SET_STA,INTEB,ACTVT,,,,,,,,,IS,SAP,,X
F_CHAINREV,BUKRS,ACTVT,,,,,,,,,IS,SAP,,X
F_STO_TRAN,BUKRS,ACTVT,,,,,,,,,IS,SAP,,
FD_POD_BUK,BUKRS,ACTVT,,,,,,,,,IS,SAP,,
F_POD_BEG,BUKRS,BEGRU,ACTVT,,,,,,,,IS,SAP,,
FD_POH_BUK,BUKRS,ACTVT,,,,,,,,,IS,SAP,,
FD_POG_BUK,BUKRS,ACTVT,,,,,,,,,IS,SAP,,
FD_OBJ_ACT,ACTVT,,,,,,,,,,IS,SAP,,
F_DSIC_ACT,ACTVT,,,,,,,,,,IS,SAP,,
FD_BUK_LAY,ACTVT,,,,,,,,,,IS,SAP,,
FD_CHARAC,ACTVT,,,,,,,,,,IS,SAP,,
FD_MET_BUK,BUKRS,ACTVT,,,,,,,,,IS,SAP,,
F_MET_BEG,BUKRS,BEGRU,ACTVT,,,,,,,,IS,SAP,,
FD_PROD_BG,ACTVT,BEGRU,,,,,,,,,IS,SAP,,X
FOT_B2A_V,BUKRS,DCLTYP,ACTVT,,,,,,,,FI,SAP,,X
F_KKINK,ACTVT,BRGRU,,,,,,,,,FI,SAP,,X
F_KKVTD_BG,BEGRU,ACTVT,,,,,,,,,FI,SAP,,
F_KKWOFF,ACTVT,,,,,,,,,,FI,SAP,,
F_RECN,BUKRS,SMVART,ACTVT,,,,,,,,ISRE,SAP,,X
F_RE_BRGRP,BUKRS,BERGRP,DATART,ACTVT,,,,,,,ISRE,SAP,,
F_KKWOFFM,ACTVT,,,,,,,,,,FI,SAP,,
F_KKZP_BEG,ACTVT,BEGRU,,,,,,,,,FI,SAP,,
F_KKRK,ACTVT,,,,,,,,,,FI,SAP,,
F_KKPP_BUK,BUKRS,ACTVT,,,,,,,,,FI,SAP,,
B_CCSEC,ACTVT,,,,,,,,,,AAAB,SAP,,
F_KKCMK,ACTVT,,,,,,,,,,FI,SAP,,
F_KK_AVIS,ACTVT,BUKRS,,,,,,,,,FI,SAP,,
F_KKINDPAY,PDTYP,ACTVT,,,,,,,,,FI,SAP,,
F_KKCASH,ACTVT,BEGRU,,,,,,,,,FI,SAP,,
F_KKDU,BEGRU,FBTCH,,,,,,,,,FI,SAP,,
F_KKCR_BUK,BUKRS,ACTVT,,,,,,,,,FI,SAP,,
F_KKCMGRP,ACTVT,BEGRU,,,,,,,,,FI,SAP,,
I_INSO_AUT,ACTVT,AUVAL1,AUVAL2,INSO_AUTYP,,,,,,,IS_I,SAP,,
I_INS_OBJ,ACTVT,INSOTYP,,,,,,,,,IS_I,SAP,,
F_KKPY,BEGRU,FBTCH,,,,,,,,,FI,SAP,,
F_FKKCJ,ACTVT,,,,,,,,,,FI,SAP,,
F_KKRV,ACTVT,,,,,,,,,,FI,SAP,,
F_KKCODU,FBTCH,,,,,,,,,,FI,SAP,,
F_KKCR,ACTVT,,,,,,,,,,FI,SAP,,
F_KKCRPO,AUTH_CRPO,,,,,,,,,,FI,SAP,,
F_KKDM_BEG,BEGRU,ACTVT,,,,,,,,,FI,SAP,,
F_KKDM_BUK,BUKRS,ACTVT,,,,,,,,,FI,SAP,,
F_KKDM_DOT,DOTYP,ACTVT,,,,,,,,,FI,SAP,,
F_KKDEVREV,ACTVT,,,,,,,,,,FI,SAP,,
F_KKDUTL,ACTVT,BUKRS,,,,,,,,,FI,SAP,,X
F_KK_EVL,ACTVT,EVLID_KK,,,,,,,,,FI,SAP,,
F_KKOPLIST,ACTVT,,,,,,,,,,FI,SAP,,
F_KKZWF,ACTVT,,,,,,,,,,FI,SAP,,
F_KKWL,ACTVT,,,,,,,,,,FI,SAP,,
F_KKWLI,ACTVT,BUKRS,,,,,,,,,FI,SAP,,
F_SKA1_BES,BRGRU,ACTVT,,,,,,,,,FI,SAP,,
K_CSKB,KOKRS,CO_KAINT,ACTVT,,,,,,,,CO,SAP,,X
F_SEPA_MDT,ACTVT,,,,,,,,,,AAAB,SAP,,
T_DEAL_PF,BUKRS,RPORTB,TRFCT,ACTVT,,,,,,,TRTM,SAP,,
T_DEAL_LC,LC_FNCTN,LC_ACTVT,,,,,,,,,TRTM,SAP,,
T_DEAL_DP,BUKRS,RLDEPO,TRFCT,ACTVT,,,,,,,TRTM,SAP,,
T_HM_BUK,BUKRS,ACTVT,,,,,,,,,TRTM,SAP,,
V_KNKK_FRE,KKBER,SBGRP,CTLPC,KLPRZ,ACTVT,,,,,,SD,SAP,,X
V_VBUK_FRE,SIZEC,ACTVT,,,,,,,,,SD,SAP,,
T_SEC_PRIC,S_KURSART,ACTVT,,,,,,,,,TRTM,SAP,,
T_STAM_GAT,TRGAT,ACTVT,GSART,,,,,,,,TRTM,SAP,,X
FW_BES_BUK,BUKRS,GSART,ACTVT,,,,,,,,IS,SAP,,
FZ_BAV_BUK,BUKRS,GSART,ACTVT,,,,,,,,IS,SAP,,X
FW_MAS_BUK,BUKRS,GSART,ACTVT,,,,,,,,IS,SAP,,
T_DEPOT,BUKRS,GSART,DEP_FCT,RLDEPO,ACTVT,,,,,,TRTM,SAP,,
T_DEAL_AG,TBEGRU,TRFCT,ACTVT,,,,,,,,TRTM,SAP,,
FW_GAT_GSA,GSART,ACTVT,,,,,,,,,IS,SAP,,
FW_UMD_BUK,BUKRS,GSART,,,,,,,,,IS,SAP,,
T_RIGHTS,BUKRS,RPORTB,RLDEPO,TER_RIGHTT,ACTVT,,,,,,TRTM,SAP,,X
T_RIGHTS_D,BUKRS,POSACC,TER_RIGHTT,ACTVT,,,,,,,TRTM,SAP,,X
T_KAPM_1,KMART,ACTVT,,,,,,,,,TRTM,SAP,,
T_KAPM_2,BUKRS,RPORTB,RLDEPO,KMART,ACTVT,,,,,,TRTM,SAP,,
F_DZNB_BEA,BUKRS,BAKEY,,,,,,,,,IS,SAP,,
F_DZNB_SEL,BUKRS,SELK,,,,,,,,,IS,SAP,,
G_GLTP,GLRLDNR,GLRRCTY,GLRVERS,ACTVT,,,,,,,FI,SAP,,X
M_MSEG_BMB,ACTVT,BWART,,,,,,,,,MM_B,SAP,,
I_ICLE_ACT,ICLE_ACT,ACTVT,,,,,,,,,IS_I,SAP,,
I_ICLE_CAT,ACTVT,ICLE_EVCAT,,,,,,,,,IS_I,SAP,,
I_ICLPOLNR,ACTVT,ICL_POLNRL,,,,,,,,,IS_I,SAP,,
I_ICL_AGRP,ICL_AUTHGP,,,,,,,,,,IS_I,SAP,,
I_ICL_CTYP,ICL_CLTYPE,ACTVT,,,,,,,,,IS_I,SAP,,
I_ICL_PROC,ICL_CLTYPE,ICL_SCLTYP,ICLPDOCCAT,ACTVT,,,,,,,IS_I,SAP,,
I_ICL_SCLT,ICL_SCLTYP,ACTVT,,,,,,,,,IS_I,SAP,,
I_ICL_ACT,ICL_ACT,ACTVT,,,,,,,,,IS_I,SAP,,
I_ICL_ACLM,ICL_AUTHCL,ACTVT,,,,,,,,,IS_I,SAP,,
K_PCA,RESPAREA,CO_ACTION,KSTAR,,,,,,,,CO,SAP,,X
F_ADJ_DOC,BUKRS,ACTVT,,,,,,,,,FI,SAP,,
J_3RK_KRDC,ACTVT,USER,,,,,,,,,J3RK,SAP,,
G_GEF_GEOM,GEF_BO_ID,GEF_CONTXT,ACTVT,,,,,,,,GEF,SAP,,
I_BEGRP,TCD,BEGRP,,,,,,,,,PM,SAP,,
I_BETRVORG,BETRVORG,,,,,,,,,,PM,SAP,,
I_INGRP,TCD,IWERK,INGRP,,,,,,,,PM,SAP,,
I_KOSTL,TCD,KOKRS,KOSTL,,,,,,,,PM,SAP,,X
I_SOGEN,SWERK,PMSOG,,,,,,,,,PM,SAP,,
UII_CHANGE,TCD,PPFCODE,,,,,,,,,UID,SAP,,
C_ARPL_WRK,ACTVT,WERKS,,,,,,,,,PP,SAP,,X
W_IFW_REP,ACTVT,DOC_TYPE,BUKRS,VKORG,VTWEG,SPART,EKORG,EKGRP,,,WG,SAP,,
IHC_ACTION,IHC_ACTION,UNIT,ACCOUNT,TRNS_TYPE,CURRENCY,AUTH_GRP,,,,,IHC,SAP,,
A_IMPR_BUK,BUKRS,IM_ACTVT,,,,,,,,,IM,SAP,,
A_IMPR_GSB,GSBER,IM_ACTVT,,,,,,,,,IM,SAP,,
A_IMPR_PRC,PRCTR,IM_ACTVT,,,,,,,,,IM,SAP,,X
A_IMTP_ART,PRART,IM_ACTVT,,,,,,,,,IM,SAP,,
K_KA_RPT,CEAPPL,TABLE,CEREPID,ACTVT,,,,,,,CO,SAP,,
K_REPO_OPA,AUFART,KOKRS,KSTAR,ACTVT,,,,,,,CO,SAP,,
B_NOTIF,QMART,NOTIF_ACT,PARVW,,,,,,,,AAAB,SAP,,X
I_QMEL,TCD,QMART,,,,,,,,,PM,SAP,,
Q_QMEL,QMART,TCD,WERKS,,,,,,,,QA,SAP,,
Q_TCODE,TCD,,,,,,,,,,QA,SAP,,
J_1ICWIZ,EXGRP,,,,,,,,,,J1I1,SAP,,
J_1IREGS,ACTVT,BUKRS,WERKS,,,,,,,,J1I1,SAP,,
J_1IREGSN,ACTVT,BUKRS,WERKS,EXGRP,,,,,,,J1I1,SAP,,
J_1ITDSCHL,BUKRS,ACTVT,,,,,,,,,J1I1,SAP,,
J_1IFACSL1,ACTVT,BUKRS,WERKS,STRTYP,EXGRP,SRGRP,,,,,J1I1,SAP,,
J_1IFAC_SL,ACTVT,BUKRS,WERKS,EDI_TCD,,,,,,,J1I1,SAP,,
J_1IINEX,ACTVT,BUKRS,WERKS,EXGRP,TRNTYP,STRTYP,,,,,J1I1,SAP,,
J_1ICLACER,BUKRS,ACTVT,,,,,,,,,J1I1,SAP,,
J_1ITAX_DS,ACTVT,BUKRS,EDI_TCD,,,,,,,,J1I1,SAP,,
J_1I57F_4,ACTVT,BUKRS,WERKS,EDI_TCD,,,,,,,J1I1,SAP,,
J_1IRG23D,ACTVT,BUKRS,WERKS,STRTYP,EXGRP,SRGRP,,,,,J1I1,SAP,,
J_1IURG23D,ACTVT,BUKRS,WERKS,EDI_TCD,,,,,,,J1I1,SAP,,X
J_1I_IMG,BUKRS,ACTVT,,,,,,,,,J1I1,SAP,,
J_1IEXCJV1,ACTVT,BUKRS,WERKS,TRNTYP,,,,,,,J1I1,SAP,,X
J_1IIEXCP,ACTVT,BUKRS,EXGRP,,,,,,,,J1I1,SAP,,
J_1IFAC_S1,ACTVT,BUKRS,WERKS,EXGRP,SRGRP,STRTYP,,,,,J1I1,SAP,,
J_1IDEP_SL,ACTVT,BUKRS,WERKS,EDI_TCD,,,,,,,J1I1,SAP,,
J_1IEWT_AR,BUKRS,BUPLA,ACTVT,,,,,,,,J1I1,SAP,,
J_1IEWTBCH,BUKRS,ACTVT,,,,,,,,,J1I1,SAP,,
J_1ICLATDS,BUKRS,ACTVT,,,,,,,,,J1I1,SAP,,
J_1IEWTCER,BUKRS,BUPLA,ACTVT,,,,,,,,J1I1,SAP,,
J_1IEWTCHL,BUKRS,BUPLA,ACTVT,,,,,,,,J1I1,SAP,,
J_1IEWTJV,BUKRS,ACTVT,,,,,,,,,J1I1,SAP,,
J_1IEWTMIS,BUKRS,BUPLA,ACTVT,,,,,,,,J1I1,SAP,,
J_1IEWTPR,BUKRS,ACTVT,,,,,,,,,J1I1,SAP,,
J_1IA_POSO,ACTVT,BUKRS,WERKS,EDI_TCD,,,,,,,J1I1,SAP,,
J_1IEXPRN,ACTVT,BUKRS,WERKS,,,,,,,,J1I1,SAP,,
J_1IAADEP,BUKRS,ACTVT,,,,,,,,,J1I1,SAP,,
J_1IDNLD,ACTVT,BUKRS,,,,,,,,,J1I1,SAP,,
J_1IEXC_OT,ACTVT,BUKRS,WERKS,,,,,,,,J1I1,SAP,,
J_1IFRM_TR,ACTVT,BUKRS,WERKS,EDI_TCD,,,,,,,J1I1,SAP,,
J_1IEX_PST,ACTVT,BUKRS,WERKS,,,,,,,,J1I1,SAP,,
J_1IREGEXT,EXGRP,ACTVT,,,,,,,,,J1I1,SAP,,
J_1IREGPRN,WERKS,EXGRP,ACTVT,,,,,,,,J1I1,SAP,,
J_1I57AE,WERKS,EXGRP,ACTVT,,,,,,,,J1I1,SAP,,
J_1IUTZLTN,ACTVT,BUKRS,WERKS,EXGRP,,,,,,,J1I1,SAP,,
J_B_COST,ACTVT,TESTRUN,,,,,,,,,IS_B,SAP,,
J_B_EDT,ACTVT,,,,,,,,,,IS_B,SAP,,
J_B_CONDIT,ACTVT,,,,,,,,,,IS_B,SAP,,
J_B_CONDLI,ACTVT,,,,,,,,,,IS_B,SAP,,
J_B_POSIT,ACTVT,,,,,,,,,,IS_B,SAP,,
J_B_FOBJ,ACTVT,,,,,,,,,,IS_B,SAP,,
J_B_KLTCOD,TCD,ACTVT,,,,,,,,,IS_B,SAP,,
J_B_EURO,ACTVT,,,,,,,,,,IS_B,SAP,,
J_B_STCOND,ACTVT,,,,,,,,,,IS_B,SAP,,
J_B_CASHFL,ACTVT,,,,,,,,,,IS_B,SAP,,
K_KA_RCS,CEAPPL,TABLE,CEFORM,ACTVT,,,,,,,CO,SAP,,
K_KC_DSK,CFASPET,CFAPPLC,CFOKCOD,TCD,,,,,,,CO,SAP,,X
K_KC_HI,CFAPPLC,CFFIENM,CFHVERS,ACTVT,,,,,,,CO,SAP,,X
J_B_MARKET,ACTVT,,,,,,,,,,IS-B,SAP,,
K_KC_DS,CFASPET,CFKYRSP,CFOKCOD,TCD,,,,,,,CO,SAP,,X
K_KEPL_TC,ACTVT,,,,,,,,,,CO,SAP,,
K_KEA_ERG,CEERKRS,,,,,,,,,,CO,SAP,,
K_KEPL_GP,CEERKRS,ACTVT,,,,,,,,,CO,SAP,,
K_KEPL_VER,CEVERSI,,,,,,,,,,CO,SAP,,X
K_KEI_TC,ACTVT,,,,,,,,,,CO,SAP,,
K_KC_FC,ACTVT,,,,,,,,,,CO,SAP,,
K_KEB_REP,CEERKRS,CEREPID,ACTVT,,,,,,,,CO,SAP,,
K_KEB_TC,ACTVT,,,,,,,,,,CO,SAP,,
K_KEB_RC,CEERKRS,CEFORM,ACTVT,,,,,,,,CO,SAP,,
K_PCAP_SET,KOKRS,ACTVT,,,,,,,,,CO,SAP,,
K_PCAR_SRP,GLRLDNR,ACTVT,,,,,,,,,CO,SAP,,X
K_KER_TC,ACTVT,,,,,,,,,,CO,SAP,,
K_KA_TREC,ACTVT,CEAPPL,TABLE,,,,,,,,CO,SAP,,
K_KEDT_TC,ACTVT,,,,,,,,,,CO,SAP,,
K_KED_UM,CEERKRS,CEPLIKZ,ACTVT,,,,,,,,CO,SAP,,
K_KA09_KVS,BRGRU,ACTVT,,,,,,,,,CO,SAP,,
K_KEA_NET,CEERKRS,ACTVT,,,,,,,,,CO,SAP,,
K_KEPL_FR,CEERKRS,ACTVT,,,,,,,,,CO,SAP,,
K_KEPL_RC,CEERKRS,CEFORM,ACTVT,,,,,,,,CO,SAP,,
K_SUM_ORD,IDENT,KOKRS,ACTVT,,,,,,,,CO,SAP,,
C_SAFK,MDAKT,WERKS,,,,,,,,,PP,SAP,,
K_CKPH,KTRAT,ACTVT,,,,,,,,,CO,SAP,,
K_PKSA,WERKS,ACTVT,,,,,,,,,CO,SAP,,
K_SUM_COST,KOKRS,ACTVT,,,,,,,,,CO,SAP,,
K_CKBOB,WERKS,ACTVT,,,,,,,,,CO,SAP,,
B_BUPA_CRS,ACTVT,,,,,,,,,,AAAB,SAP,,
F_T_VTBLV,SLA,ACTVT,,,,,,,,,TRTM,SAP,,
J_B_KLSDC1,SDCPROD,ACTVT,,,,,,,,,IS_B,SAP,,
K_ORDER,RESPAREA,AUFART,AUTHPHASE,CO_ACTION,KSTAR,,,,,,CO,SAP,,
K_CSKS_SET,KOKRS,ACTVT,,,,,,,,,CO,SAP,,
L_BWLVS,LGNUM,BWLVS,,,,,,,,,LE_L,SAP,MM,
L_LGNUM,LGNUM,LGTYP,,,,,,,,,LE_L,SAP,MM,
L_SFUNC,L_SFUNC,,,,,,,,,,LE_L,SAP,,
L_TCODE,TCD,,,,,,,,,,LE_L,SAP,MM,
B_MASSMAIN,MASSOBJTYP,,,,,,,,,,AAAB,SAP,,
M_MSEG_BWE,ACTVT,BWART,,,,,,,,,MM_B,SAP,,
M_MSEG_WWE,ACTVT,WERKS,,,,,,,,,MM_B,SAP,,
M_MRES_BWA,ACTVT,BWART,,,,,,,,,MM_B,SAP,,
M_MRES_WWA,ACTVT,WERKS,,,,,,,,,MM_B,SAP,,
M_MSEG_LGO,ACTVT,WERKS,LGORT,BWART,,,,,,,MM_B,SAP,,
M_INVVAL,DISPINVVAL,ACTVT,,,,,,,,,MM_B,SAP,,
V_KOND_VEA,KVEWE,KAPPL,KSCHL,KOTABNR,ACTVT,,,,,,COND,SAP,,X
M_LIBI_CUS,ACTVT,,,,,,,,,,LC,SAP,,
M_LIBI_IST,INSET,,,,,,,,,,LC,SAP,,X
M_LIBI_KNZ,ACTVT,,,,,,,,,,LC,SAP,,
M_LIBI_KSI,ACTVT,,,,,,,,,,LC,SAP,,
M_LIBI_KST,ACTVT,,,,,,,,,,LC,SAP,,
M_LIBI_KSK,ACTVT,,,,,,,,,,LC,SAP,,
M_LIBI_INS,ACTVT,,,,,,,,,,LC,SAP,,
M_FCAT_ANL,MCAPP,ACTVT,,,,,,,,,LC,SAP,,
M_INFO_GEN,MCGEN,,,,,,,,,,LC,SAP,,
M_INFO_UPD,MCAPP,MCINF,STAFO,ACTVT,,,,,,,LC,SAP,,X
M_INFO_FOR,MCAPP,,,,,,,,,,LC,SAP,,
C_APPL_SOP,ACTVT,SOPOB,,,,,,,,,PP,SAP,,
M_INFO_MCD,ACTVT,GSTRU,VRSIO,SSOUR,,,,,,,LC,SAP,,
M_MCYA_EWS,ACTVT,,,,,,,,,,LC,SAP,,
M_HIER_MCK,ACTVT,,,,,,,,,,LC,SAP,,
M_IS_SELVS,MCAPP,MCINF,SELVS,ACTVT,,,,,,,LC,SAP,,
M_IS_VKORG,MCINF,VKORG,,,,,,,,,LC,SAP,,
M_IS_VTWEG,MCINF,VTWEG,,,,,,,,,LC,SAP,,
M_EINF_EKG,ACTVT,EKGRP,,,,,,,,,MM_E,SAP,,
M_EINF_EKO,ACTVT,EKORG,,,,,,,,,MM_E,SAP,,
M_EINF_WRK,ACTVT,WERKS,,,,,,,,,MM_E,SAP,,
V_KONH_EKO,EKORG,ACTVT,,,,,,,,,MM_E,SAP,,
V_KONH_VKS,KSCHL,ACTVT,,,,,,,,,SD,SAP,,
M_TEMPLATE,ACTVT,J_BO_TYPE,,,,,,,,,MM_E,SAP,,
M_EINK_FRG,FRGGR,FRGCO,,,,,,,,,MM_E,SAP,,
S_SRT_MONI,ACTVT,WSM_PARTY,WSM_COMPO,WSM_IFNAME,WSM_IFNS,,,,,,BC_A,SAP,,
M_BANF_BSA,ACTVT,BSART,,,,,,,,,MM_E,SAP,,
M_BANF_EKG,ACTVT,EKGRP,,,,,,,,,MM_E,SAP,,
M_BANF_EKO,ACTVT,EKORG,,,,,,,,,MM_E,SAP,,
M_BANF_WRK,ACTVT,WERKS,,,,,,,,,MM_E,SAP,,
C_BACKFL,WERKS,LGORT,BF_POST,BF_REPPT,BF_TYPE,BF_CONCLU,BF_CANCEL,BF_SCRAP,,,PP,SAP,,
V_LIKP_VST,VSTEL,ACTVT,,,,,,,,,LE_V,SAP,,
M_RECH_AKZ,ACTVT,,,,,,,,,,MM_R,SAP,,
M_RECH_BUK,BUKRS,ACTVT,,,,,,,,,MM_R,SAP,,
M_RECH_WRK,WERKS,ACTVT,,,,,,,,,MM_R,SAP,,
M_SES_EKG,ACTVT,EKGRP,,,,,,,,,MM_E,SAP,,
M_SES_EKO,ACTVT,EKORG,,,,,,,,,MM_E,SAP,,
V_VTTK_TDS,TPLST,ACTVT,,,,,,,,,LE_T,SAP,,
C_AENR_RV1,ACTVT,,,,,,,,,,ECH,SAP,,
M_MATE_BUK,ACTVT,BUKRS,,,,,,,,,MM_G,SAP,,
M_MATE_LGN,ACTVT,LGNUM,,,,,,,,,MM_G,SAP,,
M_MATE_MEX,ACTVT,,,,,,,,,,MM_G,SAP,,
M_MATE_MZP,ACTVT,WERKS,,,,,,,,,MM_G,SAP,,
M_MATE_VKO,ACTVT,VKORG,VTWEG,,,,,,,,MM_G,SAP,,
M_ORDR_EKO,ACTVT,EKORG,,,,,,,,,MM_E,SAP,,
M_ORDR_WRK,ACTVT,WERKS,,,,,,,,,MM_E,SAP,,
W_ASORT_ST,ACTVT,,,,,,,,,,WG,SAP,,
W_VKPR_PLT,VKORG,VTWEG,PLTYP,MATKL,ACTVT,,,,,,WG,SAP,,
W_VKPR_VKO,VKORG,VTWEG,ACTVT,,,,,,,,WG,SAP,,
W_VKPR_VTL,VKORG,VTWEG,MATKL,ACTVT,,,,,,,WG,SAP,,
W_VKPR_WRK,VKORG,VTWEG,WERKS,MATKL,ACTVT,,,,,,WG,SAP,,
W_WAKH_EKO,EKORG,EKGRP,ACTVT,,,,,,,,WG,SAP,,
W_WAKH_VKO,VKORG,VTWEG,ACTVT,,,,,,,,WG,SAP,,
C_AFRU_APL,WERKS,ARBPL,TRTYP,,,,,,,,PS,SAP,,
C_APO_LOC,ACTVT,APO_LOC,,,,,,,,,APO,SAP,,X
I_ILOA,IWERK,AUFART,,,,,,,,,PM,SAP,,
I_ROUT1,TCD,IWERK,VAGRP,STATU,,,,,,,PM,SAP,,
Q_INSPTYPE,WERKS,QPRUEFART,,,,,,,,,QA,SAP,,
V_KONA_VKO,VKORG,VTWEG,SPART,BOART,ACTVT,,,,,,SD,SAP,,
V_KONH_VKO,VKORG,VTWEG,SPART,ACTVT,,,,,,,SD,SAP,,
WRF_FOLUP,ACTVT,,,,,,,,,,MM_G,SAP,,
M_MATE_MAF,ACTVT,,,,,,,,,,MM_G,SAP,,
M_FORECAST,ACTVT,,,,,,,,,,MM_D,SAP,,
G_GB90_,BRGRU,ACTVT,,,,,,,,,AAAB,SAP,,
G_GB93_,BRGRU,ACTVT,,,,,,,,,AAAB,SAP,,
F_T011,VERSN,ACTVT,,,,,,,,,FI,SAP,,
F_T042_BUK,BUKRS,FBTCH,,,,,,,,,FI,SAP,,X
G_ADMI_CUS,GLCENTACTY,,,,,,,,,,FI,SAP,,X
G_GB92_,BRGRU,ACTVT,,,,,,,,,AAAB,SAP,,
K_KC_DB,CFASPET,CFRECTY,CFVERSO,CFYEARB,CFPERDE,CFVALTY,CFOKCOD,TCD,,,CO,SAP,,X
F_LFA1_AEN,VGRUP,,,,,,,,,,FI,SAP,,X
P_PCLX,RELID,AUTHC,,,,,,,,,HR,SAP,,
S_PRO_AUTH,PROJAUTH,ACTVT,,,,,,,,,AAAB,SAP,,X
P_ABAP,REPID,COARS,,,,,,,,,HR,SAP,,
P_OCWBENCH,P_OCTYP,,,,,,,,,,HR,SAP,,
P_TCODE,TCD,,,,,,,,,,HR,SAP,,
S_USER_AGR,ACT_GROUP,ACTVT,,,,,,,,,BC_A,SAP,,X
S_USER_AUT,OBJECT,AUTH,ACTVT,,,,,,,,BC_A,SAP,,
S_USER_PRO,PROFILE,ACTVT,,,,,,,,,BC_A,SAP,,
S_USER_SAS,ACTVT,CLASS,SUBSYSTEM,ACT_GROUP,PROFILE,,,,,,BC_A,SAP,,X
P_CM_PROC,PIQPROCESS,PIQPROFL,,,,,,,,,CM,SAP,,
P_TRAVL,AUTHP,BUKRS,PERSA,KOSTL,PERSG,PERSK,VDSK1,PTZUO,AUTHF,AUTHS,FI,SAP,,X
K_AUFK_ART,AUFART,ASTNR,ACTVT,,,,,,,,CO,SAP,,X
F_TRAVL_RW,TV_EVSIM,ACTVT,TV_CREAT,,,,,,,,FI,SAP,,
F_PSOB_ATT,ACTVT,AUTHTYP_PS,AUVAL1,AUVAL2,,,,,,,FI,SAP,,
F_PSOB_FDG,FLDGR_PS,ACTVT,,,,,,,,,FI,SAP,,
T_FGDT_ART,ACTVT,RMRTAUTH,AUVAL1,AUVAL2,,,,,,,TRTM,SAP,,
F_XCIT_ICI,ACTVT,,,,,,,,,,ISRE,SAP,,
F_XCIT_IRE,BUKRS,ACTVT,,,,,,,,,ISRE,SAP,,
S_OC_DOC,ACTVT,,,,,,,,,,BC_Z,SAP,,
S_OC_FOLCR,SECTION,,,,,,,,,,BC_Z,SAP,,
S_OC_ROLE,OFFADMI,,,,,,,,,,BC_Z,SAP,,
S_OC_SEND,COM_MODE,NUMBER,,,,,,,,,BC_Z,SAP,,
S_OC_TCD,OFFTCD,,,,,,,,,,BC_Z,SAP,,
B_SMAN_WPL,WORKPLAN,ACTVT,,,,,,,,,AAAB,SAP,,
S_TABU_RFC,ACTVT,,,,,,,,,,BC_Z,SAP,,X
S_C_FUNCT,PROGRAM,ACTVT,CFUNCNAME,,,,,,,,BC_A,SAP,,X
S_RFC_ADM,ACTVT,RFCTYPE,RFCDEST,ICF_VALUE,,,,,,,AAAB,SAP,,
C_SPEC_BGR,ACTVT,,,,,,,,,,PP,SAP,,
S_PROJECTS,APPL_COMP,PRCLASS,ACTVT,,,,,,,,AAAB,SAP,,
S_HIERARCH,TREE_TYPE,DEVCLASS,ACTVT,,,,,,,,BC_Z,SAP,,X
S_TABU_CLI,CLIIDMAINT,,,,,,,,,,BC_A,SAP,,
S_QUERY,ACTVT,,,,,,,,,,BC_C,SAP,,
S_SWF_SLS,APPL_ID,ACTVT,,,,,,,,,BC_Z,SAP,,
K_KC_PR,CFHIEID,CFLFDID,CFREPID,CFJDEST,CFOKCOD,TCD,,,,,CO,SAP,,X
F_T_VTBLL,ACTVT,,,,,,,,,,TRTM,SAP,,
F_T_FBNAME,ACTVT,FNAM,,,,,,,,,TRTM,SAP,,
F_T_VTBMA,SMATYPE,ACTVT,,,,,,,,,TRTM,SAP,,
T_DEAL_REF,REFTYP,ACTVT,,,,,,,,,TRTM,SAP,,
T_TRADER,BUKRS,RDEALER,ACTVT,,,,,,,,TRTM,SAP,,
T_TRCO_CTY,CTY_CAT,ACTVT,,,,,,,,,TRTM,SAP,,
T_HREL_AUT,BUKRS,VAL_AREA,HR_RISKCAT,HR_CAT,HR_CLASS,ACTVT,,,,,TRTM,SAP,,
T_TOE_HMC,AUTH_GR,BUKRS,RCURR,ACTVT,,,,,,,TRTM,SAP,,
T_TOE_HR,AUTH_GR,BUKRS,RCURR,HREQ_CAT,ACTVT,,,,,,TRTM,SAP,,
F_T_VTBLR,ACTVT,,,,,,,,,,TRTM,SAP,,
T_ASGTTMPL,BUKRS,TBEGRU,ACTVT,,,,,,,,TRTM,SAP,,X
F_TRAVL,AUTHP,BUKRS,PERSA,KOSTL,PERSG,PERSK,VDSK1,PTZUO,AUTHC,,FI,SAP,,X
T_FTI_LDB,BUKRS,VAL_AREA,VVSART,,,,,,,,TRTM,SAP,,
P_ORGINCON,INFTY,SUBTY,AUTHC,PERSA,PERSG,PERSK,VDSK1,PROFL,,,HR,SAP,,
P_ORGXXCON,INFTY,SUBTY,AUTHC,SACHA,SACHP,SACHZ,SBMOD,PROFL,,,HR,SAP,,
F_TR_MRM_S,ACTVT,SZEART,,,,,,,,,TRTM,SAP,,
K_CKBS,KOKRS,ACTVT,,,,,,,,,CO,SAP,,
K_KEA_TC,ACTVT,,,,,,,,,,CO,SAP,,
V_VBSK_STO,SMART,ACTVT,,,,,,,,,SD,SAP,,
V_KNA1_BRG,BRGRU,ACTVT,,,,,,,,,SD,SAP,,
V_VTTK_SHT,SHTYP,ACTVT,,,,,,,,,LE_T,SAP,,
W_COCO,ACTVT,CONTR_TYP,,,,,,,,,WG,SAP,,
W_COCO_ORG,ACTVT,VKORG,VTWEG,SPART,EKORG,EKGRP,,,,,WG,SAP,,
W_WBRK_FKA,LFART,ACTVT,,,,,,,,,WG,SAP,,
W_WBRK_ORG,BUKRS,EKORG,EKGRP,VKORG,VTWEG,SPART,ACTVT,,,,WG,SAP,,
S_IDOCPART,ACTVT,EDI_PRN,EDI_PRT,EDI_TCD,,,,,,,BC_Z,SAP,,X
S_IDOCPORT,ACTVT,EDI_POR,EDI_TCD,,,,,,,,BC_Z,SAP,,
